Name,Age,Gender,Email,PhoneNumber,Address,JoinDate,Salary,Department,PerformanceScore,IsActive,Notes
User0,56.0,Male,user0@example.com,+1-202-555-1000,0 Elm Street,2020-07-15,49937.82,Support,2.87,True,
User1,46.0,Female,user1@example.com,+1-202-555-1001,1 Elm Street,2021-04-24,82060.42,HR,3.18,False,
User2,,Male,,+1-202-555-1002,2 Elm Street,2023-06-28,82743.39,HR,3.64,False,
User3,60.0,Other,user3@example.com,+1-202-555-1003,3 Elm Street,2022-07-13,76102.3,HR,2.91,False,
User4,25.0,Male,user4@example.com,+1-202-555-1004,4 Elm Street,,83512.83,HR,4.75,False,
User5,38.0,Male,user5@example.com,+1-202-555-1005,5 Elm Street,2022-02-16,60997.47,Engineering,4.11,True,
User6,56.0,Male,user6@example.com,+1-202-555-1006,6 Elm Street,2022-09-01,74448.95,Support,3.69,True,
User7,36.0,Male,user7@example.com,+1-202-555-1007,7 Elm Street,2023-11-20,90152.61,Marketing,3.53,False,
User8,40.0,Other,user8@example.com,+1-202-555-1008,8 Elm Street,2021-08-11,88799.24,Sales,3.4,False,
User9,28.0,Other,user9@example.com,+1-202-555-1009,9 Elm Street,2022-12-26,81720.67,HR,2.72,False,
User10,28.0,Female,user10@example.com,+1-202-555-1010,10 Elm Street,2020-05-01,60255.07,Support,2.83,True,
User11,41.0,Other,user11@example.com,+1-202-555-1011,11 Elm Street,2021-08-19,57893.04,HR,4.65,False,
User12,53.0,Other,user12@example.com,+1-202-555-1012,12 Elm Street,2023-03-05,75218.16,HR,4.49,False,
User13,57.0,Female,user13@example.com,+1-202-555-1013,13 Elm Street,2023-09-18,76211.61,HR,3.41,True,
User14,41.0,Other,user14@example.com,+1-202-555-1014,14 Elm Street,2020-01-09,71994.42,HR,4.15,False,
User15,20.0,Male,user15@example.com,+1-202-555-1015,15 Elm Street,2023-09-18,61428.23,HR,3.95,False,
User16,39.0,Male,user16@example.com,+1-202-555-1016,16 Elm Street,2020-11-22,80054.42,Sales,4.01,True,
User17,19.0,Female,user17@example.com,+1-202-555-1017,17 Elm Street,2020-08-13,75152.48,Support,2.99,False,
User18,41.0,Female,user18@example.com,+1-202-555-1018,18 Elm Street,2023-12-02,77847.36,HR,2.8,False,
User19,61.0,Female,user19@example.com,+1-202-555-1019,19 Elm Street,2023-12-22,82401.51,HR,4.29,True,
User20,47.0,Male,user20@example.com,+1-202-555-1020,20 Elm Street,2023-05-16,69395.25,HR,2.71,False,
User21,55.0,Other,user21@example.com,+1-202-555-1021,21 Elm Street,2022-08-09,66168.62,HR,3.63,True,
User22,19.0,Male,user22@example.com,+1-202-555-1022,22 Elm Street,2020-11-01,90113.48,Engineering,3.52,False,
User23,38.0,Female,user23@example.com,+1-202-555-1023,23 Elm Street,2024-01-28,62139.62,Engineering,3.47,False,
User24,50.0,Other,,,24 Elm Street,2023-10-23,66462.39,Marketing,3.86,False,
User25,29.0,Other,user25@example.com,,25 Elm Street,2021-02-23,92013.72,HR,3.36,False,
User26,39.0,Male,user26@example.com,+1-202-555-1026,26 Elm Street,2020-06-19,65294.64,Marketing,3.9,False,
User27,61.0,Female,user27@example.com,,27 Elm Street,2022-08-22,72020.74,Sales,3.77,True,
User28,42.0,Male,user28@example.com,+1-202-555-1028,28 Elm Street,2023-04-28,67320.45,Marketing,4.75,False,
User29,44.0,Other,user29@example.com,+1-202-555-1029,29 Elm Street,2021-10-19,46751.68,Support,3.01,False,
User30,59.0,Male,user30@example.com,+1-202-555-1030,30 Elm Street,2023-09-04,71650.39,Engineering,3.71,True,
User31,45.0,Male,user31@example.com,+1-202-555-1031,31 Elm Street,2020-06-27,58340.67,Engineering,3.92,True,
User32,33.0,Female,user32@example.com,+1-202-555-1032,32 Elm Street,2020-04-20,77318.71,HR,3.57,False,
User33,32.0,Female,user33@example.com,+1-202-555-1033,33 Elm Street,2022-09-18,90084.58,HR,3.03,True,
User34,64.0,Other,user34@example.com,+1-202-555-1034,34 Elm Street,2021-04-25,40287.39,Sales,4.33,False,
User35,61.0,Male,user35@example.com,+1-202-555-1035,35 Elm Street,,67396.25,Sales,3.87,True,
User36,20.0,Male,user36@example.com,+1-202-555-1036,36 Elm Street,2020-11-18,80284.85,Support,3.07,True,
User37,54.0,Male,user37@example.com,+1-202-555-1037,37 Elm Street,2023-12-26,40749.77,HR,3.92,False,
User38,24.0,Other,user38@example.com,+1-202-555-1038,38 Elm Street,2021-03-04,93543.98,HR,4.55,True,
User39,38.0,Other,user39@example.com,,39 Elm Street,2020-05-27,79198.38,Sales,3.68,False,
User40,26.0,Female,user40@example.com,+1-202-555-1040,40 Elm Street,2021-01-01,89748.19,Sales,3.7,True,
User41,56.0,Female,user41@example.com,+1-202-555-1041,41 Elm Street,2022-03-23,65040.78,Sales,4.48,True,
User42,35.0,Female,user42@example.com,+1-202-555-1042,42 Elm Street,2021-08-10,66850.19,Engineering,3.21,True,
User43,21.0,Male,user43@example.com,+1-202-555-1043,43 Elm Street,2023-02-11,71085.95,Marketing,4.56,False,
User44,42.0,Male,user44@example.com,+1-202-555-1044,44 Elm Street,2024-01-02,105573.14,Marketing,4.19,False,
User45,31.0,Female,user45@example.com,+1-202-555-1045,45 Elm Street,2020-02-04,93271.58,HR,3.24,True,
User46,26.0,Male,user46@example.com,+1-202-555-1046,,2021-06-21,75485.22,Engineering,3.37,False,
User47,43.0,Female,user47@example.com,+1-202-555-1047,47 Elm Street,2021-01-08,77316.03,Sales,3.44,False,
User48,19.0,Other,user48@example.com,+1-202-555-1048,48 Elm Street,2020-08-20,83023.56,HR,2.78,False,
User49,37.0,Female,user49@example.com,+1-202-555-1049,49 Elm Street,2022-07-27,109373.32,Engineering,3.83,True,
User50,45.0,Other,user50@example.com,+1-202-555-1050,50 Elm Street,2024-01-03,79240.8,Support,3.26,False,
User51,64.0,Male,,+1-202-555-1051,51 Elm Street,2020-03-16,74189.39,Engineering,3.85,True,
User52,24.0,Female,user52@example.com,+1-202-555-1052,52 Elm Street,2021-11-29,68421.02,HR,3.05,True,
User53,61.0,Male,user53@example.com,,53 Elm Street,2022-06-09,77023.73,Marketing,4.16,True,
User54,25.0,Other,user54@example.com,+1-202-555-1054,54 Elm Street,2023-02-23,64694.67,Sales,4.07,True,
User55,64.0,Other,user55@example.com,+1-202-555-1055,,2021-02-13,80941.39,Support,3.35,True,
User56,52.0,Other,user56@example.com,+1-202-555-1056,56 Elm Street,2020-05-06,52011.05,Engineering,3.88,False,
User57,31.0,Male,user57@example.com,+1-202-555-1057,57 Elm Street,2021-08-14,69592.49,HR,3.74,False,
User58,34.0,Male,user58@example.com,+1-202-555-1058,,2023-09-28,84519.49,HR,4.44,True,
User59,53.0,Male,,+1-202-555-1059,,2021-10-23,79036.85,Sales,3.18,False,
User60,57.0,Male,user60@example.com,+1-202-555-1060,60 Elm Street,2021-02-22,66560.63,HR,3.62,False,
User61,21.0,Other,user61@example.com,+1-202-555-1061,61 Elm Street,2022-04-19,70019.63,HR,3.38,False,
User62,19.0,Other,user62@example.com,+1-202-555-1062,62 Elm Street,2020-08-01,89030.02,Sales,3.72,False,
User63,23.0,Female,user63@example.com,+1-202-555-1063,63 Elm Street,2020-03-25,55343.97,Support,3.97,False,
User64,59.0,Female,user64@example.com,+1-202-555-1064,64 Elm Street,2020-03-05,55431.1,Marketing,3.37,False,
User65,21.0,Male,user65@example.com,+1-202-555-1065,,2021-09-18,59555.49,Marketing,3.52,False,
User66,,Other,,+1-202-555-1066,66 Elm Street,2022-07-27,73339.83,Engineering,4.18,True,
User67,35.0,Other,user67@example.com,+1-202-555-1067,67 Elm Street,2023-10-07,53148.93,Support,4.38,True,
User68,43.0,Other,user68@example.com,+1-202-555-1068,68 Elm Street,2021-05-05,87795.02,Engineering,3.95,True,
User69,61.0,Female,user69@example.com,+1-202-555-1069,69 Elm Street,2024-01-26,59635.61,Marketing,3.63,False,
User70,51.0,Female,user70@example.com,+1-202-555-1070,70 Elm Street,2020-11-08,76865.33,Sales,3.58,False,
User71,27.0,Other,user71@example.com,,71 Elm Street,2022-03-23,64813.9,HR,3.97,True,
User72,53.0,Other,user72@example.com,+1-202-555-1072,72 Elm Street,2023-01-16,72517.54,Marketing,3.81,False,
User73,31.0,Other,user73@example.com,+1-202-555-1073,73 Elm Street,2021-11-10,49449.81,Support,2.88,False,
User74,48.0,Female,user74@example.com,+1-202-555-1074,74 Elm Street,2023-03-04,88519.74,Marketing,3.99,True,
User75,32.0,Other,,+1-202-555-1075,75 Elm Street,2020-12-05,59077.53,Support,3.27,True,
User76,25.0,Other,user76@example.com,+1-202-555-1076,76 Elm Street,2023-10-02,57506.75,Support,2.99,True,
User77,31.0,Male,user77@example.com,+1-202-555-1077,77 Elm Street,2020-04-18,109185.14,Support,2.87,False,
User78,40.0,Male,user78@example.com,+1-202-555-1078,78 Elm Street,2021-06-16,81814.61,Engineering,3.59,False,
User79,57.0,Female,user79@example.com,+1-202-555-1079,79 Elm Street,2020-04-21,87936.25,Sales,3.19,False,
User80,38.0,Other,user80@example.com,+1-202-555-1080,80 Elm Street,2023-04-15,80383.37,Marketing,2.54,True,
User81,33.0,Other,user81@example.com,+1-202-555-1081,81 Elm Street,2020-04-10,66712.79,Sales,3.52,True,
User82,62.0,Male,user82@example.com,+1-202-555-1082,82 Elm Street,2023-11-25,53897.25,HR,3.45,False,
User83,35.0,Female,user83@example.com,+1-202-555-1083,83 Elm Street,2020-02-27,69017.69,Marketing,3.63,True,
User84,64.0,Male,user84@example.com,+1-202-555-1084,84 Elm Street,,58827.61,Sales,3.39,True,
User85,41.0,Male,user85@example.com,+1-202-555-1085,85 Elm Street,2020-09-05,59728.27,Sales,4.61,False,
User86,43.0,Male,user86@example.com,+1-202-555-1086,86 Elm Street,2022-06-20,49752.19,HR,3.96,True,
User87,42.0,Male,user87@example.com,,87 Elm Street,2022-04-13,75217.14,Support,3.45,True,
User88,,Other,user88@example.com,+1-202-555-1088,88 Elm Street,2023-10-10,97101.18,Marketing,3.67,True,
User89,58.0,Other,,+1-202-555-1089,89 Elm Street,2020-05-25,81872.05,Marketing,4.41,False,
User90,46.0,Male,user90@example.com,+1-202-555-1090,90 Elm Street,2022-06-11,71913.14,HR,4.18,False,
User91,32.0,Female,user91@example.com,+1-202-555-1091,91 Elm Street,2022-11-24,72891.42,Support,3.0,True,
User92,62.0,Female,user92@example.com,+1-202-555-1092,92 Elm Street,2020-06-01,27783.34,Marketing,3.21,False,
User93,18.0,Female,user93@example.com,+1-202-555-1093,93 Elm Street,2021-05-22,67142.47,Marketing,3.31,False,
User94,42.0,Female,user94@example.com,+1-202-555-1094,94 Elm Street,2020-12-10,52099.86,Marketing,3.48,False,
User95,24.0,Male,user95@example.com,+1-202-555-1095,95 Elm Street,2020-08-08,75516.19,Support,3.4,True,
User96,26.0,Other,user96@example.com,+1-202-555-1096,96 Elm Street,2021-12-23,69600.36,HR,3.72,False,
User97,41.0,Female,user97@example.com,+1-202-555-1097,97 Elm Street,2023-04-20,60460.43,Marketing,4.07,True,
User98,18.0,Male,,+1-202-555-1098,98 Elm Street,2022-12-01,75178.45,Sales,4.15,True,
User99,61.0,Female,user99@example.com,+1-202-555-1099,99 Elm Street,2022-07-18,75049.19,Support,3.54,False,
User100,25.0,Female,user100@example.com,+1-202-555-1100,100 Elm Street,2022-05-21,96279.36,Engineering,2.88,True,
User101,41.0,Male,user101@example.com,+1-202-555-1101,101 Elm Street,2020-12-10,83796.26,HR,3.18,False,
User102,28.0,Other,user102@example.com,+1-202-555-1102,102 Elm Street,2020-01-21,76754.59,Sales,3.44,False,
User103,34.0,Other,user103@example.com,+1-202-555-1103,103 Elm Street,2022-05-22,59287.28,Marketing,3.08,True,
User104,25.0,Male,user104@example.com,+1-202-555-1104,104 Elm Street,2021-07-04,57398.41,Engineering,4.27,True,
User105,52.0,Other,user105@example.com,+1-202-555-1105,105 Elm Street,2022-10-30,82482.72,HR,3.11,False,
User106,52.0,Male,user106@example.com,+1-202-555-1106,106 Elm Street,2022-01-25,70498.96,Support,4.01,False,
User107,50.0,Male,user107@example.com,+1-202-555-1107,107 Elm Street,2021-08-22,77240.48,Engineering,2.86,False,
User108,22.0,Male,user108@example.com,+1-202-555-1108,108 Elm Street,2023-09-14,88170.01,Engineering,4.03,False,
User109,59.0,Other,user109@example.com,+1-202-555-1109,109 Elm Street,2021-05-30,50802.92,Sales,3.63,True,
User110,56.0,Male,user110@example.com,+1-202-555-1110,110 Elm Street,2021-09-12,94455.53,HR,4.46,True,
User111,58.0,Female,user111@example.com,+1-202-555-1111,111 Elm Street,2023-11-12,88040.73,Sales,3.13,True,
User112,45.0,Other,user112@example.com,+1-202-555-1112,112 Elm Street,2020-05-22,42683.4,Sales,3.42,False,
User113,24.0,Other,user113@example.com,+1-202-555-1113,113 Elm Street,2022-12-28,108796.39,Marketing,3.51,True,
User114,26.0,Other,user114@example.com,+1-202-555-1114,114 Elm Street,2022-02-26,78320.64,Support,3.62,True,
User115,25.0,Other,user115@example.com,+1-202-555-1115,115 Elm Street,2021-09-14,66321.93,Engineering,3.53,True,
User116,29.0,Female,user116@example.com,+1-202-555-1116,116 Elm Street,2021-06-08,81285.93,HR,3.54,True,
User117,51.0,Other,user117@example.com,+1-202-555-1117,117 Elm Street,,58837.88,Support,3.53,False,
User118,50.0,Other,user118@example.com,+1-202-555-1118,118 Elm Street,2023-04-27,81691.93,Support,2.66,True,
User119,40.0,Male,user119@example.com,+1-202-555-1119,119 Elm Street,2022-10-28,61597.55,HR,4.2,True,
User120,41.0,Other,user120@example.com,+1-202-555-1120,120 Elm Street,2020-07-09,103805.39,Support,5.13,True,
User121,54.0,Female,user121@example.com,+1-202-555-1121,121 Elm Street,2021-06-04,74401.5,Marketing,3.85,True,
User122,52.0,Female,user122@example.com,+1-202-555-1122,122 Elm Street,2020-09-23,83247.35,Support,3.13,False,
User123,61.0,Female,user123@example.com,,123 Elm Street,2023-08-14,61709.02,Marketing,3.18,False,
User124,57.0,Female,user124@example.com,+1-202-555-1124,124 Elm Street,2021-01-10,85747.44,Engineering,4.01,True,
User125,,Other,user125@example.com,+1-202-555-1125,125 Elm Street,2021-07-02,73311.3,Engineering,3.89,False,
User126,44.0,Other,user126@example.com,+1-202-555-1126,126 Elm Street,2020-03-13,52322.22,Sales,3.56,False,
User127,52.0,Female,user127@example.com,+1-202-555-1127,127 Elm Street,2023-02-27,69918.56,Marketing,4.08,False,
User128,18.0,Female,user128@example.com,+1-202-555-1128,128 Elm Street,2021-07-25,102466.67,Engineering,2.67,False,
User129,52.0,Other,user129@example.com,+1-202-555-1129,129 Elm Street,2023-03-20,86384.66,Support,4.08,True,
User130,54.0,Female,user130@example.com,,130 Elm Street,2020-06-27,67815.37,HR,3.82,False,
User131,64.0,Male,user131@example.com,+1-202-555-1131,131 Elm Street,2022-01-04,45462.51,HR,3.2,False,
User132,31.0,Female,,+1-202-555-1132,132 Elm Street,2023-12-28,61012.63,Marketing,2.98,True,
User133,20.0,Female,user133@example.com,+1-202-555-1133,133 Elm Street,2023-04-21,52402.89,Sales,3.76,True,
User134,18.0,Male,user134@example.com,+1-202-555-1134,134 Elm Street,2023-02-27,45824.88,Support,4.4,True,
User135,22.0,Male,user135@example.com,+1-202-555-1135,135 Elm Street,2022-05-20,85283.87,Marketing,3.59,True,
User136,43.0,Other,user136@example.com,+1-202-555-1136,136 Elm Street,2023-10-30,74435.81,HR,3.27,False,
User137,31.0,Other,user137@example.com,+1-202-555-1137,137 Elm Street,2021-11-28,100426.63,Marketing,3.8,True,
User138,56.0,Male,user138@example.com,,138 Elm Street,2022-06-04,58535.37,Support,4.61,False,
User139,44.0,Male,user139@example.com,,139 Elm Street,2020-11-20,73465.79,Engineering,3.92,False,
User140,26.0,Other,user140@example.com,+1-202-555-1140,140 Elm Street,2022-08-13,52587.38,Support,3.97,True,
User141,32.0,Female,user141@example.com,+1-202-555-1141,141 Elm Street,2023-10-22,64576.9,Engineering,4.31,True,
User142,32.0,Male,user142@example.com,+1-202-555-1142,142 Elm Street,2021-01-18,70168.35,Engineering,3.94,False,
User143,43.0,Other,user143@example.com,+1-202-555-1143,143 Elm Street,2020-11-19,67880.19,Engineering,3.31,False,
User144,59.0,Female,user144@example.com,+1-202-555-1144,144 Elm Street,2022-08-08,74303.11,Marketing,2.83,True,
User145,30.0,Male,user145@example.com,+1-202-555-1145,145 Elm Street,2020-09-26,88074.14,HR,3.24,True,
User146,49.0,Female,user146@example.com,,146 Elm Street,2022-05-19,86496.26,Marketing,3.15,True,
User147,56.0,Other,user147@example.com,+1-202-555-1147,147 Elm Street,2021-04-11,61959.98,HR,4.03,False,
User148,49.0,Male,user148@example.com,+1-202-555-1148,148 Elm Street,2023-03-13,73044.69,Support,4.1,False,
User149,21.0,Female,user149@example.com,+1-202-555-1149,149 Elm Street,2020-08-19,85411.45,Sales,3.79,True,
User150,47.0,Male,user150@example.com,+1-202-555-1150,150 Elm Street,2021-08-17,89036.05,Support,3.07,False,
User151,54.0,Female,user151@example.com,+1-202-555-1151,151 Elm Street,2020-06-21,63582.65,Marketing,4.59,True,
User152,40.0,Other,user152@example.com,+1-202-555-1152,152 Elm Street,2023-03-24,84122.47,Marketing,3.49,False,
User153,56.0,Other,user153@example.com,+1-202-555-1153,153 Elm Street,2021-07-01,78467.2,HR,4.0,False,
User154,62.0,Male,user154@example.com,+1-202-555-1154,154 Elm Street,2022-07-02,57510.16,Marketing,3.72,True,
User155,32.0,Female,user155@example.com,+1-202-555-1155,155 Elm Street,2020-10-11,85502.37,Engineering,3.8,True,
User156,60.0,Male,user156@example.com,+1-202-555-1156,156 Elm Street,2024-01-02,75773.15,Marketing,3.98,True,
User157,46.0,Male,user157@example.com,+1-202-555-1157,157 Elm Street,2023-03-21,47379.14,HR,3.35,False,
User158,53.0,Female,user158@example.com,+1-202-555-1158,158 Elm Street,2023-11-07,69092.2,HR,4.35,False,
User159,30.0,Female,user159@example.com,+1-202-555-1159,159 Elm Street,2023-07-31,74097.86,Engineering,2.91,True,
User160,49.0,Female,user160@example.com,+1-202-555-1160,160 Elm Street,2023-04-04,64412.63,HR,3.18,False,
User161,24.0,Other,user161@example.com,+1-202-555-1161,161 Elm Street,,91923.43,Sales,4.35,True,
User162,39.0,Male,user162@example.com,,162 Elm Street,2021-11-18,92467.03,Support,4.0,False,
User163,45.0,Male,user163@example.com,+1-202-555-1163,163 Elm Street,2023-04-22,67762.65,Marketing,4.97,True,
User164,19.0,Other,user164@example.com,+1-202-555-1164,164 Elm Street,2022-04-06,66116.62,Sales,3.73,False,
User165,59.0,Female,user165@example.com,+1-202-555-1165,165 Elm Street,2023-02-09,71531.48,Marketing,4.55,False,
User166,,Other,user166@example.com,+1-202-555-1166,166 Elm Street,2022-12-18,70498.79,Sales,2.77,False,
User167,23.0,Other,user167@example.com,+1-202-555-1167,167 Elm Street,2021-10-30,64612.47,Marketing,2.99,False,
User168,45.0,Other,user168@example.com,+1-202-555-1168,168 Elm Street,2023-08-28,17868.05,Engineering,4.15,True,
User169,45.0,Male,user169@example.com,+1-202-555-1169,,2022-11-24,99822.18,HR,2.83,False,
User170,61.0,Other,user170@example.com,+1-202-555-1170,170 Elm Street,2020-08-24,73506.27,HR,3.6,True,
User171,61.0,Male,user171@example.com,+1-202-555-1171,171 Elm Street,2020-10-09,70825.35,Engineering,4.28,True,
User172,37.0,Male,user172@example.com,,172 Elm Street,2021-04-08,78377.54,Sales,3.95,True,
User173,47.0,Male,user173@example.com,+1-202-555-1173,173 Elm Street,2020-06-20,72299.13,Support,3.71,True,
User174,28.0,Female,user174@example.com,+1-202-555-1174,174 Elm Street,2023-02-20,67045.26,Sales,3.48,False,
User175,45.0,Male,user175@example.com,+1-202-555-1175,175 Elm Street,2021-11-20,58415.31,HR,3.8,True,
User176,42.0,Male,user176@example.com,+1-202-555-1176,176 Elm Street,2020-06-13,45920.81,Support,3.99,False,
User177,56.0,Female,user177@example.com,,177 Elm Street,2021-01-17,53184.32,Marketing,3.37,False,
User178,50.0,Male,user178@example.com,+1-202-555-1178,178 Elm Street,2023-12-26,56749.89,Support,3.89,False,
User179,18.0,Other,user179@example.com,+1-202-555-1179,179 Elm Street,2020-08-11,83263.83,Sales,4.24,False,
User180,44.0,Other,user180@example.com,+1-202-555-1180,180 Elm Street,2024-01-09,84369.35,Engineering,3.59,True,
User181,30.0,Male,user181@example.com,+1-202-555-1181,181 Elm Street,2023-07-17,60273.01,Marketing,3.73,False,
User182,58.0,Female,user182@example.com,+1-202-555-1182,182 Elm Street,2023-06-30,33545.19,Sales,3.94,True,
User183,20.0,Other,user183@example.com,+1-202-555-1183,183 Elm Street,2023-01-23,73636.81,Marketing,3.98,False,
User184,56.0,Female,user184@example.com,+1-202-555-1184,184 Elm Street,2022-11-13,67176.87,Support,4.14,False,
User185,23.0,Female,user185@example.com,+1-202-555-1185,185 Elm Street,2022-12-09,66806.06,HR,3.19,True,
User186,25.0,Other,user186@example.com,+1-202-555-1186,186 Elm Street,2023-09-20,87839.06,Sales,3.44,False,
User187,44.0,Female,user187@example.com,+1-202-555-1187,187 Elm Street,2022-11-16,75579.79,Engineering,3.45,False,
User188,26.0,Other,user188@example.com,,188 Elm Street,2022-03-14,58854.31,Support,3.25,False,
User189,54.0,Female,user189@example.com,+1-202-555-1189,189 Elm Street,2021-01-21,55403.8,Sales,2.8,False,
User190,50.0,Other,,+1-202-555-1190,,2022-08-30,69560.83,Engineering,2.07,False,
User191,59.0,Male,user191@example.com,+1-202-555-1191,191 Elm Street,2022-09-10,59903.81,Sales,4.3,True,
User192,61.0,Other,user192@example.com,+1-202-555-1192,192 Elm Street,,72414.04,Support,2.92,False,
User193,41.0,Other,user193@example.com,+1-202-555-1193,193 Elm Street,,88892.13,Sales,4.48,False,
User194,32.0,Other,user194@example.com,,194 Elm Street,2022-10-21,52803.26,Marketing,4.07,True,
User195,49.0,Other,user195@example.com,+1-202-555-1195,,2020-03-19,74816.69,Support,3.5,False,
User196,49.0,Female,user196@example.com,+1-202-555-1196,196 Elm Street,2022-06-07,87225.75,Sales,4.01,True,
User197,41.0,Male,user197@example.com,+1-202-555-1197,197 Elm Street,2023-01-10,72207.19,HR,3.91,False,
User198,58.0,Other,user198@example.com,+1-202-555-1198,198 Elm Street,2022-02-03,84323.71,Sales,3.15,False,
User199,29.0,Female,user199@example.com,+1-202-555-1199,199 Elm Street,2020-01-14,69190.91,Marketing,3.69,True,
User200,56.0,Male,user200@example.com,+1-202-555-1200,200 Elm Street,2020-11-05,76062.42,Engineering,3.21,False,
User201,19.0,Male,user201@example.com,+1-202-555-1201,201 Elm Street,2023-10-12,80111.77,Engineering,4.03,False,
User202,20.0,Male,user202@example.com,+1-202-555-1202,202 Elm Street,,64919.96,Engineering,3.34,True,
User203,54.0,Male,user203@example.com,+1-202-555-1203,203 Elm Street,2021-08-19,103360.14,HR,3.65,True,
User204,34.0,Other,user204@example.com,+1-202-555-1204,204 Elm Street,2022-11-11,82163.7,Marketing,3.63,False,
User205,19.0,Other,user205@example.com,+1-202-555-1205,205 Elm Street,2020-11-01,93044.78,Support,3.76,True,
User206,19.0,Female,user206@example.com,+1-202-555-1206,206 Elm Street,2021-09-16,89565.36,Engineering,4.53,False,
User207,45.0,Female,user207@example.com,+1-202-555-1207,207 Elm Street,2022-04-27,78409.34,Marketing,3.58,True,
User208,40.0,Female,user208@example.com,+1-202-555-1208,208 Elm Street,2020-05-09,94286.84,Sales,4.31,False,
User209,54.0,Male,user209@example.com,+1-202-555-1209,209 Elm Street,2022-05-11,76318.72,HR,3.94,True,
User210,49.0,Male,user210@example.com,+1-202-555-1210,210 Elm Street,2022-09-25,62553.37,Marketing,4.41,True,
User211,50.0,Other,user211@example.com,,211 Elm Street,2022-12-28,73722.29,Marketing,3.53,True,
User212,18.0,Male,user212@example.com,+1-202-555-1212,212 Elm Street,2022-03-29,58407.5,Support,4.05,True,
User213,36.0,Male,user213@example.com,+1-202-555-1213,213 Elm Street,2021-12-09,41974.44,Marketing,3.67,True,
User214,19.0,Male,user214@example.com,+1-202-555-1214,214 Elm Street,2020-09-21,60711.87,Support,2.21,True,
User215,61.0,Female,user215@example.com,+1-202-555-1215,,2023-09-27,74593.22,HR,3.16,True,
User216,43.0,Female,user216@example.com,+1-202-555-1216,216 Elm Street,2023-07-25,89428.87,HR,3.99,True,
User217,49.0,Other,user217@example.com,+1-202-555-1217,217 Elm Street,2020-06-05,60667.21,Sales,3.96,True,
User218,23.0,Male,user218@example.com,+1-202-555-1218,218 Elm Street,2022-05-27,88652.44,Support,3.05,False,
User219,49.0,Male,user219@example.com,+1-202-555-1219,219 Elm Street,2020-11-22,55339.76,Support,3.81,True,
User220,21.0,Other,user220@example.com,+1-202-555-1220,220 Elm Street,2020-04-06,59707.16,Engineering,3.95,False,
User221,28.0,Male,user221@example.com,+1-202-555-1221,221 Elm Street,2023-03-01,95237.35,Engineering,3.68,True,
User222,34.0,Male,user222@example.com,+1-202-555-1222,222 Elm Street,2023-01-10,74214.32,Sales,4.06,False,
User223,55.0,Female,user223@example.com,+1-202-555-1223,223 Elm Street,2020-02-28,70895.67,HR,4.0,False,
User224,41.0,Other,user224@example.com,+1-202-555-1224,224 Elm Street,,77029.2,Engineering,3.68,True,
User225,,Other,user225@example.com,+1-202-555-1225,225 Elm Street,2024-01-02,55403.95,Marketing,3.44,True,
User226,51.0,Other,user226@example.com,+1-202-555-1226,226 Elm Street,2020-11-13,68537.28,HR,4.22,False,
User227,23.0,Other,user227@example.com,+1-202-555-1227,227 Elm Street,2022-05-23,73539.92,Marketing,3.93,False,
User228,39.0,Female,user228@example.com,+1-202-555-1228,228 Elm Street,2021-09-16,91970.71,Support,3.01,True,
User229,28.0,Female,user229@example.com,+1-202-555-1229,229 Elm Street,2022-11-07,48443.74,HR,3.81,True,
User230,33.0,Male,,+1-202-555-1230,230 Elm Street,2020-04-22,99944.85,Sales,3.12,True,
User231,50.0,Male,user231@example.com,+1-202-555-1231,231 Elm Street,2020-10-21,71630.28,Support,3.22,False,
User232,26.0,Male,user232@example.com,+1-202-555-1232,232 Elm Street,2022-09-03,56841.66,Support,3.37,True,
User233,23.0,Male,user233@example.com,+1-202-555-1233,233 Elm Street,2022-07-07,54125.48,Marketing,3.72,True,
User234,33.0,Female,user234@example.com,+1-202-555-1234,234 Elm Street,2022-01-31,77597.24,Support,3.89,True,
User235,46.0,Other,user235@example.com,+1-202-555-1235,235 Elm Street,2020-03-11,53291.86,Engineering,3.5,True,
User236,,Female,user236@example.com,+1-202-555-1236,236 Elm Street,2023-08-12,65098.15,HR,3.52,True,
User237,37.0,Male,user237@example.com,+1-202-555-1237,237 Elm Street,2020-07-11,69751.45,Engineering,3.45,False,
User238,53.0,Female,user238@example.com,+1-202-555-1238,238 Elm Street,2020-02-21,90655.14,Marketing,4.22,False,
User239,36.0,Other,user239@example.com,+1-202-555-1239,239 Elm Street,2022-07-05,88776.8,Marketing,2.27,True,
User240,43.0,Other,user240@example.com,+1-202-555-1240,240 Elm Street,2021-06-04,63855.11,HR,3.55,True,
User241,20.0,Female,user241@example.com,+1-202-555-1241,241 Elm Street,,70309.75,Support,4.47,False,
User242,36.0,Female,user242@example.com,+1-202-555-1242,242 Elm Street,2023-12-29,49569.23,Sales,3.96,True,
User243,37.0,Female,user243@example.com,+1-202-555-1243,243 Elm Street,2023-05-06,42913.57,Marketing,4.33,False,
User244,49.0,Male,user244@example.com,+1-202-555-1244,244 Elm Street,2023-12-05,55064.21,HR,2.68,True,
User245,24.0,Female,user245@example.com,+1-202-555-1245,245 Elm Street,,90346.46,Sales,3.08,False,
User246,58.0,Female,user246@example.com,+1-202-555-1246,246 Elm Street,2020-08-28,85201.21,Support,3.96,False,
User247,50.0,Female,user247@example.com,+1-202-555-1247,247 Elm Street,2023-11-08,79251.54,Marketing,4.48,True,
User248,57.0,Other,user248@example.com,+1-202-555-1248,248 Elm Street,2020-03-23,51635.63,HR,3.13,False,
User249,56.0,Other,user249@example.com,+1-202-555-1249,249 Elm Street,2022-08-08,62825.11,HR,3.51,True,
User250,35.0,Male,user250@example.com,+1-202-555-1250,250 Elm Street,2021-07-27,60632.68,HR,3.9,False,
User251,57.0,Male,user251@example.com,+1-202-555-1251,251 Elm Street,2021-04-03,71010.02,Marketing,2.97,True,
User252,18.0,Other,user252@example.com,+1-202-555-1252,252 Elm Street,2023-12-07,70064.2,Sales,3.96,True,
User253,28.0,Other,user253@example.com,+1-202-555-1253,253 Elm Street,2021-07-07,58470.65,HR,2.36,True,
User254,45.0,Other,user254@example.com,+1-202-555-1254,254 Elm Street,2023-03-27,78738.25,Support,3.95,False,
User255,42.0,Female,user255@example.com,+1-202-555-1255,255 Elm Street,2020-05-01,76934.2,HR,3.2,True,
User256,40.0,Female,user256@example.com,+1-202-555-1256,256 Elm Street,2021-02-01,62567.65,Sales,3.48,True,
User257,48.0,Other,user257@example.com,+1-202-555-1257,257 Elm Street,2023-05-15,78064.18,Marketing,4.03,True,
User258,47.0,Female,user258@example.com,+1-202-555-1258,258 Elm Street,2023-07-25,90364.28,HR,3.92,False,
User259,59.0,Female,user259@example.com,+1-202-555-1259,259 Elm Street,2021-07-22,94920.91,HR,3.7,True,
User260,52.0,Male,user260@example.com,+1-202-555-1260,260 Elm Street,2023-02-11,80859.93,Support,4.18,False,
User261,24.0,Other,user261@example.com,+1-202-555-1261,261 Elm Street,2022-03-30,80419.02,Support,2.85,False,
User262,33.0,Other,user262@example.com,+1-202-555-1262,262 Elm Street,2021-12-10,69897.92,HR,3.8,False,
User263,43.0,Female,,+1-202-555-1263,263 Elm Street,,88945.69,HR,3.3,True,
User264,19.0,Other,user264@example.com,+1-202-555-1264,264 Elm Street,2022-02-27,57444.73,Support,4.16,True,
User265,,Male,user265@example.com,+1-202-555-1265,,2021-05-06,87207.75,Sales,4.04,False,
User266,29.0,Male,user266@example.com,+1-202-555-1266,,2022-12-13,69185.93,Engineering,4.06,True,
User267,22.0,Male,user267@example.com,+1-202-555-1267,267 Elm Street,,95864.05,Engineering,4.52,True,
User268,54.0,Other,user268@example.com,+1-202-555-1268,268 Elm Street,2020-03-05,82323.1,HR,4.26,False,
User269,49.0,Other,user269@example.com,+1-202-555-1269,269 Elm Street,2020-06-19,72482.01,Support,3.62,False,
User270,26.0,Other,,+1-202-555-1270,270 Elm Street,,69952.69,Marketing,3.7,True,
User271,58.0,Other,user271@example.com,+1-202-555-1271,271 Elm Street,2023-11-15,81384.19,Marketing,4.0,False,
User272,52.0,Other,user272@example.com,+1-202-555-1272,272 Elm Street,2023-09-12,80656.87,Engineering,3.77,True,
User273,36.0,Male,user273@example.com,+1-202-555-1273,273 Elm Street,2023-03-31,67524.85,Sales,4.05,False,
User274,33.0,Female,user274@example.com,+1-202-555-1274,274 Elm Street,2021-03-27,74877.54,Engineering,2.58,True,
User275,20.0,Male,user275@example.com,+1-202-555-1275,275 Elm Street,2022-11-05,86945.85,HR,4.64,True,
User276,37.0,Other,user276@example.com,+1-202-555-1276,276 Elm Street,2021-10-20,53049.66,Sales,3.73,False,
User277,41.0,Male,,+1-202-555-1277,277 Elm Street,2021-03-09,84388.17,Marketing,2.89,True,
User278,50.0,Other,user278@example.com,+1-202-555-1278,278 Elm Street,2021-04-29,81318.22,Support,3.24,True,
User279,41.0,Other,user279@example.com,+1-202-555-1279,279 Elm Street,,91299.71,Support,2.64,False,
User280,28.0,Male,user280@example.com,+1-202-555-1280,280 Elm Street,2023-09-25,62765.19,HR,3.15,True,
User281,25.0,Other,user281@example.com,+1-202-555-1281,281 Elm Street,2022-01-20,73585.74,Engineering,3.63,True,
User282,53.0,Female,user282@example.com,+1-202-555-1282,,2023-05-06,76576.03,HR,4.46,True,
User283,55.0,Other,user283@example.com,+1-202-555-1283,,2022-06-20,84581.95,Support,3.91,False,
User284,57.0,Female,user284@example.com,+1-202-555-1284,284 Elm Street,2023-07-26,79936.75,Marketing,3.82,False,
User285,37.0,Female,user285@example.com,+1-202-555-1285,285 Elm Street,2021-04-05,54906.67,Support,3.13,False,
User286,52.0,Other,user286@example.com,+1-202-555-1286,286 Elm Street,2022-12-03,77865.66,Sales,3.29,False,
User287,42.0,Male,user287@example.com,+1-202-555-1287,287 Elm Street,2023-01-25,103563.43,Support,3.33,False,
User288,52.0,Female,user288@example.com,+1-202-555-1288,288 Elm Street,2021-09-12,82676.36,Support,3.35,True,
User289,42.0,Male,user289@example.com,+1-202-555-1289,289 Elm Street,2023-05-27,98070.7,Sales,3.52,True,
User290,46.0,Female,user290@example.com,+1-202-555-1290,290 Elm Street,2023-02-27,89145.92,Engineering,3.56,True,
User291,35.0,Other,user291@example.com,+1-202-555-1291,291 Elm Street,2022-04-27,93936.03,Support,3.53,False,
User292,63.0,Other,user292@example.com,,292 Elm Street,2023-09-19,78149.53,HR,3.36,True,
User293,35.0,Female,user293@example.com,+1-202-555-1293,293 Elm Street,2020-03-19,81327.68,Support,3.77,False,
User294,19.0,Other,user294@example.com,+1-202-555-1294,294 Elm Street,2021-02-16,77332.77,HR,3.54,True,
User295,52.0,Female,user295@example.com,+1-202-555-1295,295 Elm Street,2020-06-17,73565.11,Sales,2.9,False,
User296,33.0,Other,user296@example.com,+1-202-555-1296,,2021-08-05,84632.92,Support,3.72,True,
User297,58.0,Male,user297@example.com,+1-202-555-1297,297 Elm Street,2020-02-01,65684.97,Sales,3.64,True,
User298,53.0,Other,user298@example.com,+1-202-555-1298,298 Elm Street,2022-12-02,101780.73,Sales,2.91,False,
User299,50.0,Male,user299@example.com,+1-202-555-1299,299 Elm Street,2022-10-21,59579.81,Engineering,3.4,True,
User300,21.0,Other,user300@example.com,+1-202-555-1300,300 Elm Street,2023-04-18,85670.82,Support,4.0,True,
User301,50.0,Male,user301@example.com,+1-202-555-1301,301 Elm Street,2023-01-31,94180.07,HR,3.13,False,
User302,31.0,Other,user302@example.com,+1-202-555-1302,302 Elm Street,2023-01-18,70850.67,HR,3.08,True,
User303,38.0,Male,user303@example.com,+1-202-555-1303,303 Elm Street,2022-07-05,56805.34,Support,3.54,True,
User304,,Female,user304@example.com,+1-202-555-1304,304 Elm Street,2023-05-17,90832.94,Engineering,4.01,False,
User305,25.0,Female,user305@example.com,+1-202-555-1305,305 Elm Street,2023-04-29,76550.93,Engineering,4.61,False,
User306,24.0,Male,user306@example.com,+1-202-555-1306,306 Elm Street,2020-02-25,85699.74,Engineering,4.03,False,
User307,20.0,Other,user307@example.com,+1-202-555-1307,307 Elm Street,2020-02-01,71858.18,HR,4.24,False,
User308,34.0,Male,user308@example.com,+1-202-555-1308,308 Elm Street,2021-10-28,99478.87,Sales,3.87,False,
User309,50.0,Other,user309@example.com,+1-202-555-1309,309 Elm Street,2020-07-05,41744.88,Engineering,3.36,True,
User310,29.0,Female,user310@example.com,+1-202-555-1310,310 Elm Street,2020-05-09,79142.66,HR,4.03,False,
User311,39.0,Other,user311@example.com,+1-202-555-1311,311 Elm Street,2020-04-23,93626.24,HR,3.66,False,
User312,39.0,Female,user312@example.com,+1-202-555-1312,312 Elm Street,2023-07-18,75080.09,Sales,3.89,True,
User313,63.0,Other,user313@example.com,+1-202-555-1313,313 Elm Street,2021-03-19,78035.38,Support,3.23,True,
User314,47.0,Other,user314@example.com,+1-202-555-1314,314 Elm Street,2021-03-22,66989.82,Support,3.93,True,
User315,55.0,Other,user315@example.com,+1-202-555-1315,315 Elm Street,2021-12-15,73810.33,Engineering,3.64,True,
User316,55.0,Male,user316@example.com,+1-202-555-1316,316 Elm Street,2020-04-10,48422.15,Engineering,3.82,True,
User317,62.0,Male,,+1-202-555-1317,317 Elm Street,2023-02-14,62723.53,Sales,3.66,False,
User318,25.0,Female,user318@example.com,+1-202-555-1318,318 Elm Street,2021-03-04,61698.67,Engineering,3.56,True,
User319,44.0,Female,user319@example.com,+1-202-555-1319,319 Elm Street,2020-12-31,83536.86,Sales,3.94,False,
User320,44.0,Male,user320@example.com,+1-202-555-1320,320 Elm Street,2021-10-18,64929.45,HR,3.5,True,
User321,51.0,Female,user321@example.com,+1-202-555-1321,321 Elm Street,2022-04-04,65362.87,Engineering,2.91,False,
User322,38.0,Male,,+1-202-555-1322,322 Elm Street,,67831.15,HR,2.76,True,
User323,47.0,Other,user323@example.com,+1-202-555-1323,323 Elm Street,2023-09-03,62270.33,Marketing,3.79,False,
User324,50.0,Female,user324@example.com,+1-202-555-1324,324 Elm Street,2022-04-15,77535.33,Sales,3.48,False,
User325,45.0,Female,user325@example.com,+1-202-555-1325,325 Elm Street,2020-04-26,79164.47,Marketing,2.84,False,
User326,64.0,Male,user326@example.com,+1-202-555-1326,326 Elm Street,2023-01-22,85875.28,Engineering,3.75,False,
User327,50.0,Female,user327@example.com,+1-202-555-1327,327 Elm Street,2023-09-26,83291.25,HR,3.65,False,
User328,22.0,Female,user328@example.com,+1-202-555-1328,328 Elm Street,2021-11-25,81791.37,Engineering,3.45,False,
User329,36.0,Other,user329@example.com,+1-202-555-1329,329 Elm Street,2021-08-08,68565.47,Marketing,3.82,False,
User330,21.0,Female,user330@example.com,+1-202-555-1330,330 Elm Street,2020-09-30,67603.44,Engineering,4.36,False,
User331,52.0,Other,user331@example.com,+1-202-555-1331,331 Elm Street,2020-04-10,60431.83,Support,4.34,False,
User332,34.0,Male,user332@example.com,+1-202-555-1332,332 Elm Street,2020-03-13,60161.34,Marketing,3.77,False,
User333,61.0,Female,user333@example.com,+1-202-555-1333,333 Elm Street,2020-06-05,76413.92,Engineering,3.66,True,
User334,45.0,Other,user334@example.com,+1-202-555-1334,334 Elm Street,2023-09-23,62708.76,HR,3.78,False,
User335,47.0,Male,user335@example.com,+1-202-555-1335,335 Elm Street,,95524.86,Engineering,3.85,False,
User336,46.0,Female,user336@example.com,+1-202-555-1336,336 Elm Street,2020-04-16,72937.49,HR,3.57,True,
User337,63.0,Male,user337@example.com,+1-202-555-1337,337 Elm Street,,96020.85,Support,3.79,False,
User338,23.0,Female,user338@example.com,+1-202-555-1338,338 Elm Street,2022-09-14,82076.51,Engineering,2.91,False,
User339,52.0,Male,user339@example.com,+1-202-555-1339,339 Elm Street,2021-06-14,61841.45,Support,3.74,True,
User340,58.0,Male,user340@example.com,+1-202-555-1340,340 Elm Street,2021-06-21,72569.31,Marketing,3.94,True,
User341,54.0,Other,user341@example.com,+1-202-555-1341,341 Elm Street,2020-06-02,48398.21,HR,3.46,False,
User342,41.0,Male,user342@example.com,+1-202-555-1342,342 Elm Street,2023-12-27,76356.38,Marketing,3.65,True,
User343,46.0,Female,user343@example.com,+1-202-555-1343,343 Elm Street,2023-02-28,63213.47,HR,3.14,False,
User344,63.0,Female,,+1-202-555-1344,344 Elm Street,2022-03-20,56798.13,Support,3.07,False,
User345,48.0,Other,user345@example.com,+1-202-555-1345,345 Elm Street,2021-08-10,96332.2,Sales,3.81,False,
User346,52.0,Female,,+1-202-555-1346,346 Elm Street,2022-04-10,88958.82,Engineering,3.34,True,
User347,50.0,Female,,+1-202-555-1347,347 Elm Street,2022-12-08,88545.58,Support,2.81,False,
User348,38.0,Female,user348@example.com,+1-202-555-1348,348 Elm Street,2023-10-10,85231.67,HR,3.14,False,
User349,49.0,Male,user349@example.com,+1-202-555-1349,349 Elm Street,2022-05-17,54976.66,HR,3.22,True,
User350,40.0,Male,user350@example.com,+1-202-555-1350,350 Elm Street,2022-12-05,67492.81,HR,4.09,False,
User351,50.0,Female,user351@example.com,+1-202-555-1351,351 Elm Street,2022-06-30,68407.45,HR,3.79,False,
User352,20.0,Other,user352@example.com,+1-202-555-1352,352 Elm Street,2022-04-01,47853.94,Engineering,3.26,False,
User353,35.0,Male,user353@example.com,+1-202-555-1353,353 Elm Street,2021-07-14,65144.98,Marketing,3.41,False,
User354,42.0,Other,user354@example.com,+1-202-555-1354,354 Elm Street,2023-02-15,65308.53,Sales,4.36,False,
User355,59.0,Female,user355@example.com,+1-202-555-1355,355 Elm Street,2021-03-17,75389.98,Engineering,4.17,False,
User356,48.0,Female,user356@example.com,+1-202-555-1356,356 Elm Street,2021-05-01,111485.81,HR,3.14,True,
User357,20.0,Male,user357@example.com,+1-202-555-1357,357 Elm Street,2020-05-27,73186.56,Engineering,4.28,False,
User358,57.0,Female,user358@example.com,+1-202-555-1358,358 Elm Street,2023-06-10,75397.72,Support,3.66,False,
User359,63.0,Male,user359@example.com,+1-202-555-1359,359 Elm Street,2021-10-27,69746.85,HR,4.1,True,
User360,41.0,Female,user360@example.com,+1-202-555-1360,360 Elm Street,2020-07-17,84565.69,Sales,3.62,False,
User361,49.0,Female,user361@example.com,+1-202-555-1361,361 Elm Street,2023-02-18,57391.24,HR,4.29,False,
User362,64.0,Male,user362@example.com,+1-202-555-1362,362 Elm Street,2022-08-20,101940.56,Sales,3.12,True,
User363,39.0,Male,user363@example.com,+1-202-555-1363,363 Elm Street,2021-04-03,71637.61,Sales,3.57,True,
User364,40.0,Male,user364@example.com,+1-202-555-1364,364 Elm Street,2021-09-11,67572.15,Marketing,4.31,True,
User365,19.0,Female,user365@example.com,+1-202-555-1365,365 Elm Street,2023-03-09,88050.56,Marketing,2.5,True,
User366,44.0,Female,user366@example.com,+1-202-555-1366,366 Elm Street,2022-02-19,60136.16,Engineering,3.68,True,
User367,59.0,Other,user367@example.com,+1-202-555-1367,367 Elm Street,2022-06-12,84288.76,Engineering,3.5,True,
User368,19.0,Male,user368@example.com,+1-202-555-1368,368 Elm Street,2020-10-08,94577.55,Sales,4.04,True,
User369,43.0,Female,user369@example.com,+1-202-555-1369,369 Elm Street,2022-09-22,69879.86,HR,4.23,False,
User370,34.0,Female,user370@example.com,+1-202-555-1370,370 Elm Street,2022-01-15,104292.62,Support,4.07,False,
User371,57.0,Male,user371@example.com,+1-202-555-1371,371 Elm Street,2023-01-07,83164.37,Support,3.82,False,
User372,50.0,Other,user372@example.com,+1-202-555-1372,372 Elm Street,2023-09-22,83350.41,HR,3.72,True,
User373,26.0,Male,user373@example.com,+1-202-555-1373,373 Elm Street,2023-11-04,93987.98,HR,3.53,False,
User374,60.0,Other,user374@example.com,,,2023-07-23,97961.02,Marketing,3.8,True,
User375,56.0,Female,user375@example.com,+1-202-555-1375,375 Elm Street,2022-06-17,77427.58,Support,4.43,False,
User376,46.0,Other,user376@example.com,+1-202-555-1376,376 Elm Street,2023-09-07,85453.58,Sales,3.28,False,
User377,59.0,Female,user377@example.com,+1-202-555-1377,377 Elm Street,2020-03-18,94445.12,Engineering,3.5,False,
User378,43.0,Male,user378@example.com,+1-202-555-1378,378 Elm Street,2021-11-04,56072.83,Marketing,3.66,False,
User379,,Male,user379@example.com,+1-202-555-1379,379 Elm Street,2020-08-25,47557.46,Support,4.2,True,
User380,42.0,Male,user380@example.com,+1-202-555-1380,380 Elm Street,2023-04-30,72636.69,HR,3.81,True,
User381,41.0,Other,user381@example.com,+1-202-555-1381,381 Elm Street,2022-11-07,47197.63,Support,4.19,False,
User382,30.0,Female,user382@example.com,+1-202-555-1382,382 Elm Street,2020-05-02,68790.07,Sales,4.22,True,
User383,24.0,Male,user383@example.com,+1-202-555-1383,383 Elm Street,2023-10-28,78215.6,Marketing,4.0,True,
User384,53.0,Male,user384@example.com,+1-202-555-1384,384 Elm Street,2022-12-30,69365.42,HR,3.17,False,
User385,62.0,Female,user385@example.com,+1-202-555-1385,385 Elm Street,2022-11-08,71376.1,Sales,4.53,True,
User386,37.0,Male,user386@example.com,+1-202-555-1386,386 Elm Street,2023-03-24,58475.0,Engineering,4.41,True,
User387,18.0,Female,user387@example.com,+1-202-555-1387,387 Elm Street,2020-12-22,85322.15,Marketing,3.73,True,
User388,25.0,Female,user388@example.com,+1-202-555-1388,388 Elm Street,2021-03-18,57548.05,Sales,3.01,True,
User389,63.0,Female,user389@example.com,+1-202-555-1389,389 Elm Street,2020-05-22,41956.47,Sales,2.92,False,
User390,33.0,Female,user390@example.com,+1-202-555-1390,390 Elm Street,2021-01-12,70389.92,HR,3.83,False,
User391,31.0,Female,user391@example.com,+1-202-555-1391,391 Elm Street,2023-08-09,87225.3,Engineering,3.35,True,
User392,29.0,Other,user392@example.com,+1-202-555-1392,392 Elm Street,2023-11-11,74697.46,Sales,2.84,False,
User393,40.0,Male,user393@example.com,+1-202-555-1393,393 Elm Street,2021-06-12,56028.04,Marketing,2.91,False,
User394,32.0,Other,user394@example.com,+1-202-555-1394,394 Elm Street,2022-04-19,75029.26,Sales,3.47,False,
User395,45.0,Male,user395@example.com,+1-202-555-1395,395 Elm Street,2023-07-14,80074.56,Support,3.8,True,
User396,51.0,Other,,+1-202-555-1396,396 Elm Street,2021-04-16,74854.75,Marketing,4.4,True,
User397,19.0,Female,user397@example.com,+1-202-555-1397,397 Elm Street,2021-09-22,69531.24,Marketing,3.94,False,
User398,49.0,Male,user398@example.com,+1-202-555-1398,398 Elm Street,2022-11-03,80790.58,Sales,3.51,False,
User399,40.0,Male,user399@example.com,+1-202-555-1399,399 Elm Street,2020-12-29,47423.6,HR,3.89,True,
User400,39.0,Other,user400@example.com,+1-202-555-1400,400 Elm Street,2021-06-29,60090.67,Marketing,3.85,False,
User401,42.0,Other,user401@example.com,+1-202-555-1401,401 Elm Street,2021-09-25,53921.88,Support,4.07,True,
User402,39.0,Male,user402@example.com,+1-202-555-1402,402 Elm Street,2022-08-20,93725.8,HR,3.68,False,
User403,,Other,user403@example.com,+1-202-555-1403,403 Elm Street,2022-06-01,84180.48,HR,4.22,True,
User404,59.0,Other,user404@example.com,+1-202-555-1404,404 Elm Street,2022-05-20,76276.88,HR,4.11,True,
User405,23.0,Other,user405@example.com,+1-202-555-1405,405 Elm Street,2023-11-21,51740.68,Marketing,3.74,True,
User406,32.0,Female,user406@example.com,+1-202-555-1406,406 Elm Street,2023-01-13,84662.22,HR,3.64,True,
User407,60.0,Female,user407@example.com,+1-202-555-1407,407 Elm Street,2023-03-01,94298.1,Sales,4.16,False,
User408,54.0,Other,user408@example.com,+1-202-555-1408,408 Elm Street,2020-01-19,82072.42,HR,3.34,True,
User409,50.0,Other,user409@example.com,+1-202-555-1409,409 Elm Street,2023-01-09,72972.34,Support,2.95,False,
User410,25.0,Female,user410@example.com,+1-202-555-1410,410 Elm Street,2022-02-12,82975.77,Engineering,2.94,True,
User411,61.0,Female,user411@example.com,+1-202-555-1411,411 Elm Street,2020-11-02,77593.74,Support,3.3,True,
User412,61.0,Male,user412@example.com,+1-202-555-1412,412 Elm Street,2024-01-04,87391.14,Marketing,4.03,False,
User413,22.0,Male,user413@example.com,+1-202-555-1413,,2022-04-20,87055.28,HR,3.49,False,
User414,56.0,Female,user414@example.com,+1-202-555-1414,414 Elm Street,2021-09-27,70184.02,HR,3.8,False,
User415,21.0,Other,user415@example.com,+1-202-555-1415,415 Elm Street,,63590.38,Sales,3.45,True,
User416,23.0,Other,user416@example.com,+1-202-555-1416,416 Elm Street,2022-10-28,67502.66,HR,3.46,True,
User417,62.0,Other,user417@example.com,+1-202-555-1417,417 Elm Street,2022-05-23,81537.76,Support,3.19,False,
User418,49.0,Other,user418@example.com,+1-202-555-1418,418 Elm Street,2022-01-21,68408.41,Marketing,3.65,True,
User419,47.0,Male,,+1-202-555-1419,419 Elm Street,2022-09-07,62242.06,Engineering,3.61,False,
User420,64.0,Female,user420@example.com,+1-202-555-1420,420 Elm Street,2020-08-23,73485.7,HR,3.91,True,
User421,52.0,Other,user421@example.com,+1-202-555-1421,421 Elm Street,2021-11-09,90111.85,Engineering,3.84,True,
User422,57.0,Male,user422@example.com,+1-202-555-1422,422 Elm Street,2022-05-04,75526.62,HR,3.6,True,
User423,33.0,Other,user423@example.com,+1-202-555-1423,423 Elm Street,2023-02-26,69356.73,Marketing,2.95,False,
User424,30.0,Female,user424@example.com,+1-202-555-1424,424 Elm Street,2023-08-10,78306.48,Support,4.24,True,
User425,59.0,Male,user425@example.com,+1-202-555-1425,425 Elm Street,2020-03-26,74760.59,Marketing,3.66,False,
User426,47.0,Female,user426@example.com,+1-202-555-1426,426 Elm Street,2023-10-30,44495.44,Engineering,3.74,False,
User427,36.0,Female,user427@example.com,+1-202-555-1427,427 Elm Street,2023-11-14,83951.39,HR,4.5,True,
User428,34.0,Male,user428@example.com,+1-202-555-1428,428 Elm Street,2020-08-29,79611.88,Engineering,4.15,False,
User429,36.0,Male,user429@example.com,+1-202-555-1429,429 Elm Street,2020-09-22,73742.58,Support,3.92,False,
User430,45.0,Male,user430@example.com,+1-202-555-1430,430 Elm Street,2023-06-25,89435.35,Marketing,3.7,True,
User431,43.0,Male,user431@example.com,+1-202-555-1431,431 Elm Street,,91694.99,Engineering,3.69,False,
User432,54.0,Male,user432@example.com,+1-202-555-1432,432 Elm Street,2022-03-11,85481.53,Engineering,3.82,False,
User433,43.0,Male,,+1-202-555-1433,433 Elm Street,2022-01-01,60745.49,Support,3.9,True,
User434,40.0,Male,,+1-202-555-1434,434 Elm Street,2020-12-17,61264.33,HR,4.56,True,
User435,26.0,Other,user435@example.com,+1-202-555-1435,435 Elm Street,2023-08-14,90260.03,Engineering,4.94,True,
User436,29.0,Female,user436@example.com,+1-202-555-1436,436 Elm Street,2020-04-19,45341.64,Support,3.85,False,
User437,18.0,Male,user437@example.com,,437 Elm Street,2021-06-27,71267.29,HR,2.62,False,
User438,18.0,Other,user438@example.com,,438 Elm Street,2020-01-25,80097.39,HR,3.22,True,
User439,64.0,Other,,+1-202-555-1439,439 Elm Street,2022-01-07,47243.88,Marketing,4.61,False,
User440,51.0,Other,user440@example.com,+1-202-555-1440,440 Elm Street,2020-08-19,77015.15,Support,4.06,True,
User441,49.0,Female,user441@example.com,+1-202-555-1441,441 Elm Street,2021-04-21,87816.44,HR,3.91,True,
User442,42.0,Male,user442@example.com,+1-202-555-1442,442 Elm Street,2021-03-30,51216.36,Marketing,3.62,True,
User443,57.0,Other,user443@example.com,+1-202-555-1443,443 Elm Street,2023-05-21,98372.55,Sales,3.11,False,
User444,62.0,Female,user444@example.com,+1-202-555-1444,444 Elm Street,2021-11-17,58352.55,Support,4.54,False,
User445,18.0,Female,user445@example.com,+1-202-555-1445,445 Elm Street,2023-06-03,82121.04,Sales,3.29,True,
User446,33.0,Female,user446@example.com,+1-202-555-1446,446 Elm Street,2021-03-10,72246.05,HR,4.06,True,
User447,56.0,Other,user447@example.com,+1-202-555-1447,447 Elm Street,2021-02-05,74542.73,Support,3.05,False,
User448,22.0,Male,user448@example.com,+1-202-555-1448,448 Elm Street,2020-03-28,54247.57,Marketing,3.59,True,
User449,39.0,Other,user449@example.com,+1-202-555-1449,449 Elm Street,2020-11-04,92407.09,HR,4.2,False,
User450,46.0,Other,user450@example.com,+1-202-555-1450,450 Elm Street,2021-03-11,78388.25,Support,3.58,True,
User451,20.0,Male,user451@example.com,+1-202-555-1451,451 Elm Street,2020-07-12,97812.6,Support,3.52,True,
User452,29.0,Male,user452@example.com,+1-202-555-1452,452 Elm Street,2023-04-02,54638.74,Sales,3.71,False,
User453,43.0,Male,user453@example.com,+1-202-555-1453,453 Elm Street,2021-06-08,70781.48,HR,3.03,False,
User454,33.0,Female,user454@example.com,,454 Elm Street,2022-12-01,76642.94,Marketing,2.94,False,
User455,54.0,Male,user455@example.com,+1-202-555-1455,455 Elm Street,2022-01-10,74405.75,Marketing,4.06,False,
User456,39.0,Other,user456@example.com,+1-202-555-1456,456 Elm Street,2022-08-11,83501.78,HR,3.49,False,
User457,46.0,Male,user457@example.com,+1-202-555-1457,457 Elm Street,2023-08-26,70591.22,HR,4.05,True,
User458,31.0,Other,user458@example.com,+1-202-555-1458,458 Elm Street,2020-05-19,105330.39,Engineering,4.26,True,
User459,45.0,Female,user459@example.com,+1-202-555-1459,459 Elm Street,2022-10-13,74097.63,Sales,4.3,False,
User460,22.0,Other,,+1-202-555-1460,460 Elm Street,2020-02-26,30237.68,HR,2.89,False,
User461,64.0,Other,user461@example.com,+1-202-555-1461,461 Elm Street,2023-12-04,74763.02,HR,3.35,True,
User462,47.0,Male,user462@example.com,+1-202-555-1462,462 Elm Street,2022-11-02,92421.96,Engineering,3.97,True,
User463,63.0,Male,user463@example.com,+1-202-555-1463,463 Elm Street,2023-07-06,59650.41,Engineering,3.98,False,
User464,22.0,Other,user464@example.com,+1-202-555-1464,464 Elm Street,2022-06-09,58698.67,Support,4.82,False,
User465,29.0,Male,user465@example.com,+1-202-555-1465,465 Elm Street,2023-07-02,60894.15,Marketing,3.25,True,
User466,33.0,Female,user466@example.com,,466 Elm Street,2022-08-28,57352.85,Sales,4.28,False,
User467,43.0,Female,user467@example.com,+1-202-555-1467,467 Elm Street,2021-08-16,66308.97,Support,3.89,True,
User468,43.0,Male,user468@example.com,+1-202-555-1468,468 Elm Street,2022-09-08,87139.46,HR,2.88,True,
User469,38.0,Female,user469@example.com,+1-202-555-1469,469 Elm Street,2021-09-30,96394.99,Engineering,3.43,False,
User470,56.0,Male,user470@example.com,+1-202-555-1470,470 Elm Street,2020-10-08,37136.25,Marketing,3.83,True,
User471,53.0,Other,user471@example.com,,471 Elm Street,2023-05-12,67823.18,Support,2.85,True,
User472,50.0,Other,user472@example.com,+1-202-555-1472,472 Elm Street,2022-07-24,78040.47,Marketing,2.66,True,
User473,47.0,Female,user473@example.com,+1-202-555-1473,473 Elm Street,2020-11-24,76540.18,Engineering,2.82,False,
User474,54.0,Male,user474@example.com,+1-202-555-1474,474 Elm Street,2022-09-23,101999.09,Support,3.83,True,
User475,40.0,Male,user475@example.com,+1-202-555-1475,475 Elm Street,2024-01-22,43339.59,Support,3.46,False,
User476,27.0,Female,,,,2022-04-24,34664.04,Marketing,3.39,True,
User477,22.0,Other,user477@example.com,+1-202-555-1477,477 Elm Street,2020-12-31,104433.19,Engineering,3.41,True,
User478,53.0,Female,user478@example.com,+1-202-555-1478,,2023-10-17,84801.51,HR,2.99,True,
User479,51.0,Other,user479@example.com,+1-202-555-1479,479 Elm Street,2022-11-29,64929.43,Support,3.47,True,
User480,48.0,Male,,+1-202-555-1480,480 Elm Street,2023-10-10,76073.98,HR,2.79,True,
User481,27.0,Other,user481@example.com,+1-202-555-1481,481 Elm Street,2021-12-10,77148.26,Engineering,4.29,False,
User482,36.0,Female,user482@example.com,+1-202-555-1482,482 Elm Street,2020-01-11,64567.19,Support,4.55,False,
User483,49.0,Male,user483@example.com,+1-202-555-1483,483 Elm Street,2022-08-14,75626.68,Support,2.54,True,
User484,18.0,Female,user484@example.com,+1-202-555-1484,484 Elm Street,2023-05-29,78822.2,HR,3.47,False,
User485,22.0,Female,user485@example.com,+1-202-555-1485,485 Elm Street,2023-06-14,103732.95,Sales,3.5,False,
User486,62.0,Other,user486@example.com,+1-202-555-1486,486 Elm Street,2020-08-06,87951.77,HR,3.61,True,
User487,21.0,Female,user487@example.com,+1-202-555-1487,487 Elm Street,2021-04-05,99589.85,HR,4.2,False,
User488,33.0,Other,,+1-202-555-1488,488 Elm Street,2023-03-13,53346.43,Sales,3.47,False,
User489,41.0,Male,user489@example.com,+1-202-555-1489,489 Elm Street,2020-09-11,68292.04,Engineering,3.66,False,
User490,33.0,Other,user490@example.com,+1-202-555-1490,490 Elm Street,2020-12-01,77133.7,Engineering,5.19,False,
User491,19.0,Male,user491@example.com,+1-202-555-1491,491 Elm Street,2022-05-23,44683.49,Support,3.64,True,
User492,45.0,Other,user492@example.com,+1-202-555-1492,492 Elm Street,2020-12-22,91227.89,Marketing,4.58,False,
User493,49.0,Female,user493@example.com,+1-202-555-1493,493 Elm Street,2020-12-18,83133.15,Marketing,3.95,True,
User494,44.0,Other,user494@example.com,,494 Elm Street,2021-06-07,67992.62,Support,3.42,True,
User495,37.0,Other,user495@example.com,+1-202-555-1495,495 Elm Street,2022-01-25,70749.98,Marketing,3.34,False,
User496,41.0,Male,user496@example.com,+1-202-555-1496,496 Elm Street,2023-08-28,92308.0,HR,3.7,True,
User497,29.0,Female,user497@example.com,+1-202-555-1497,497 Elm Street,2021-04-26,61568.43,HR,3.14,False,
User498,52.0,Other,user498@example.com,+1-202-555-1498,498 Elm Street,2021-09-06,92912.78,Sales,3.27,True,
User499,50.0,Female,user499@example.com,+1-202-555-1499,499 Elm Street,2021-01-02,69719.42,Sales,3.49,False,
User500,50.0,Other,user500@example.com,+1-202-555-1500,500 Elm Street,2023-01-03,84839.94,Support,3.85,False,
User501,60.0,Other,user501@example.com,+1-202-555-1501,501 Elm Street,2022-04-15,74801.46,Support,4.61,True,
User502,54.0,Female,user502@example.com,+1-202-555-1502,502 Elm Street,2020-03-11,106997.91,Support,3.46,False,
User503,29.0,Other,user503@example.com,+1-202-555-1503,503 Elm Street,2023-05-08,60189.11,HR,3.93,False,
User504,20.0,Female,user504@example.com,+1-202-555-1504,504 Elm Street,2020-11-02,64900.76,Marketing,2.89,False,
User505,18.0,Other,user505@example.com,+1-202-555-1505,505 Elm Street,2021-01-11,50908.12,Support,4.23,False,
User506,50.0,Male,user506@example.com,+1-202-555-1506,506 Elm Street,2021-02-02,57048.64,Support,2.84,True,
User507,57.0,Female,user507@example.com,+1-202-555-1507,507 Elm Street,2020-06-30,84196.92,HR,4.1,True,
User508,27.0,Other,user508@example.com,+1-202-555-1508,508 Elm Street,2023-11-20,97502.45,HR,3.66,True,
User509,60.0,Other,user509@example.com,+1-202-555-1509,509 Elm Street,2022-05-12,85897.21,HR,3.64,False,
User510,61.0,Male,user510@example.com,+1-202-555-1510,510 Elm Street,2022-03-14,73419.13,Marketing,3.55,True,
User511,46.0,Female,user511@example.com,+1-202-555-1511,511 Elm Street,2022-08-29,60095.78,Support,3.05,False,
User512,30.0,Other,user512@example.com,+1-202-555-1512,512 Elm Street,2020-04-10,86976.28,Engineering,3.08,False,
User513,29.0,Male,user513@example.com,+1-202-555-1513,513 Elm Street,2021-07-26,59270.97,Engineering,4.12,False,
User514,48.0,Other,user514@example.com,+1-202-555-1514,514 Elm Street,2022-07-27,53265.72,Support,3.71,True,
User515,63.0,Female,user515@example.com,+1-202-555-1515,515 Elm Street,2022-12-22,68872.96,Support,3.55,True,
User516,19.0,Other,user516@example.com,+1-202-555-1516,516 Elm Street,2020-08-13,42990.89,Support,3.92,True,
User517,52.0,Other,user517@example.com,+1-202-555-1517,517 Elm Street,2022-02-10,52779.23,Support,3.75,True,
User518,40.0,Other,user518@example.com,+1-202-555-1518,518 Elm Street,2023-07-02,101789.86,Marketing,3.3,False,
User519,34.0,Other,user519@example.com,+1-202-555-1519,519 Elm Street,2023-05-15,49997.87,Engineering,4.93,True,
User520,43.0,Male,user520@example.com,+1-202-555-1520,520 Elm Street,2023-09-21,55677.77,Sales,4.07,True,
User521,25.0,Male,user521@example.com,+1-202-555-1521,521 Elm Street,2022-12-28,74577.49,Engineering,3.76,True,
User522,46.0,Female,user522@example.com,+1-202-555-1522,522 Elm Street,,75358.56,Engineering,3.44,True,
User523,43.0,Male,user523@example.com,+1-202-555-1523,523 Elm Street,2021-01-02,69980.64,HR,4.18,False,
User524,27.0,Male,user524@example.com,+1-202-555-1524,524 Elm Street,2022-05-05,43449.39,Support,3.31,True,
User525,43.0,Female,user525@example.com,+1-202-555-1525,525 Elm Street,2023-04-08,86227.34,Support,3.26,True,
User526,51.0,Male,user526@example.com,+1-202-555-1526,526 Elm Street,2023-01-18,66854.2,Support,4.55,True,
User527,58.0,Male,user527@example.com,+1-202-555-1527,527 Elm Street,2020-10-20,91806.74,HR,3.72,False,
User528,24.0,Female,user528@example.com,+1-202-555-1528,528 Elm Street,2023-03-01,63827.74,Marketing,3.32,True,
User529,21.0,Female,user529@example.com,+1-202-555-1529,529 Elm Street,2022-08-26,88237.42,Marketing,3.7,True,
User530,62.0,Female,user530@example.com,+1-202-555-1530,530 Elm Street,2020-08-02,92941.25,Sales,4.13,True,
User531,28.0,Other,user531@example.com,+1-202-555-1531,531 Elm Street,,66495.87,Marketing,4.01,False,
User532,46.0,Other,user532@example.com,+1-202-555-1532,532 Elm Street,2020-09-03,86706.75,Marketing,4.19,False,
User533,53.0,Female,user533@example.com,+1-202-555-1533,533 Elm Street,2023-06-16,53571.83,Support,3.08,True,
User534,42.0,Female,,+1-202-555-1534,534 Elm Street,2023-04-06,77455.34,Engineering,4.17,True,
User535,38.0,Female,user535@example.com,+1-202-555-1535,535 Elm Street,2021-11-19,91833.42,Marketing,3.61,False,
User536,53.0,Other,user536@example.com,+1-202-555-1536,536 Elm Street,2023-01-08,81277.39,Marketing,3.74,False,
User537,27.0,Other,user537@example.com,+1-202-555-1537,,2024-01-24,109593.36,HR,4.3,False,
User538,54.0,Male,user538@example.com,+1-202-555-1538,538 Elm Street,2024-01-15,82115.37,Sales,4.05,False,
User539,26.0,Male,user539@example.com,+1-202-555-1539,539 Elm Street,2021-04-22,68020.93,HR,3.88,False,
User540,41.0,Female,user540@example.com,+1-202-555-1540,540 Elm Street,2023-12-14,116113.3,Support,2.71,True,
User541,52.0,Other,user541@example.com,+1-202-555-1541,541 Elm Street,2023-10-24,98005.52,Engineering,3.68,True,
User542,52.0,Other,user542@example.com,+1-202-555-1542,542 Elm Street,2022-10-13,49456.39,Sales,3.31,True,
User543,53.0,Other,user543@example.com,+1-202-555-1543,543 Elm Street,2022-03-27,61737.55,HR,4.06,True,
User544,35.0,Female,,+1-202-555-1544,544 Elm Street,2024-02-01,57927.63,Marketing,4.2,False,
User545,56.0,Male,user545@example.com,+1-202-555-1545,545 Elm Street,2022-12-03,83184.44,Marketing,3.55,False,
User546,49.0,Female,user546@example.com,+1-202-555-1546,546 Elm Street,2023-06-23,82067.37,Sales,3.37,False,
User547,41.0,Male,user547@example.com,+1-202-555-1547,547 Elm Street,2020-07-25,81951.78,Marketing,4.48,False,
User548,40.0,Male,user548@example.com,,548 Elm Street,2021-06-11,49051.36,HR,3.4,False,
User549,49.0,Female,user549@example.com,+1-202-555-1549,549 Elm Street,2023-03-14,63928.63,HR,3.1,True,
User550,54.0,Male,user550@example.com,+1-202-555-1550,550 Elm Street,2020-11-28,71260.72,Marketing,3.28,True,
User551,29.0,Male,user551@example.com,+1-202-555-1551,551 Elm Street,2020-02-14,46171.19,Marketing,3.42,True,
User552,30.0,Other,,+1-202-555-1552,552 Elm Street,2020-03-02,60422.58,Support,3.27,True,
User553,40.0,Male,user553@example.com,+1-202-555-1553,553 Elm Street,2024-01-31,93846.51,Engineering,4.12,True,
User554,42.0,Female,user554@example.com,+1-202-555-1554,554 Elm Street,2020-12-30,50188.86,Sales,2.6,False,
User555,52.0,Female,user555@example.com,+1-202-555-1555,555 Elm Street,2021-03-03,95328.91,HR,3.26,False,
User556,58.0,Male,user556@example.com,+1-202-555-1556,556 Elm Street,2021-06-29,89867.24,Sales,3.68,False,
User557,47.0,Other,user557@example.com,,557 Elm Street,2020-02-24,69138.94,Support,3.81,False,
User558,34.0,Other,user558@example.com,+1-202-555-1558,558 Elm Street,2020-02-11,63766.91,HR,4.55,False,
User559,37.0,Male,,+1-202-555-1559,559 Elm Street,2020-08-18,85977.41,Support,4.47,True,
User560,42.0,Male,user560@example.com,+1-202-555-1560,560 Elm Street,2021-01-28,61683.9,Support,2.9,True,
User561,39.0,Female,,+1-202-555-1561,561 Elm Street,2024-01-07,62430.03,Marketing,2.75,True,
User562,30.0,Male,user562@example.com,+1-202-555-1562,562 Elm Street,2023-11-29,73141.97,Sales,3.71,False,
User563,36.0,Other,user563@example.com,+1-202-555-1563,563 Elm Street,2021-08-26,41546.5,Sales,3.36,False,
User564,53.0,Male,user564@example.com,+1-202-555-1564,564 Elm Street,2023-01-06,51750.37,Marketing,3.1,False,
User565,29.0,Female,user565@example.com,+1-202-555-1565,565 Elm Street,2020-02-18,68765.08,Sales,3.71,False,
User566,58.0,Female,user566@example.com,+1-202-555-1566,566 Elm Street,2020-03-09,80635.44,Marketing,3.82,True,
User567,36.0,Female,user567@example.com,+1-202-555-1567,567 Elm Street,,61476.39,HR,3.28,False,
User568,29.0,Female,user568@example.com,+1-202-555-1568,568 Elm Street,2022-03-30,70535.84,Support,3.39,True,
User569,26.0,Female,user569@example.com,+1-202-555-1569,569 Elm Street,2023-04-09,49298.11,Support,3.32,False,
User570,24.0,Male,user570@example.com,+1-202-555-1570,570 Elm Street,2023-08-22,87487.26,Sales,3.49,True,
User571,45.0,Male,user571@example.com,+1-202-555-1571,571 Elm Street,,76801.23,Engineering,3.97,False,
User572,31.0,Male,user572@example.com,+1-202-555-1572,572 Elm Street,2021-08-31,78128.19,Support,3.16,False,
User573,,Male,user573@example.com,+1-202-555-1573,573 Elm Street,2023-11-02,80823.76,Marketing,3.38,True,
User574,36.0,Female,user574@example.com,,574 Elm Street,2020-04-04,74671.91,Engineering,3.5,True,
User575,64.0,Other,user575@example.com,+1-202-555-1575,575 Elm Street,2022-06-15,66243.41,Engineering,3.7,False,
User576,33.0,Male,,+1-202-555-1576,576 Elm Street,2020-08-06,90444.82,Support,3.84,True,
User577,22.0,Other,user577@example.com,+1-202-555-1577,577 Elm Street,2020-05-06,75853.22,Support,4.72,False,
User578,52.0,Male,user578@example.com,+1-202-555-1578,578 Elm Street,2023-06-15,71014.21,Support,3.99,False,
User579,29.0,Male,user579@example.com,+1-202-555-1579,579 Elm Street,2022-07-04,73370.18,Marketing,4.0,True,
User580,42.0,Other,user580@example.com,+1-202-555-1580,580 Elm Street,2020-01-25,73050.52,Engineering,3.57,False,
User581,38.0,Female,user581@example.com,+1-202-555-1581,581 Elm Street,2021-09-23,70863.52,Sales,3.21,False,
User582,53.0,Male,,+1-202-555-1582,582 Elm Street,2022-12-16,80191.6,Marketing,3.44,True,
User583,40.0,Male,user583@example.com,+1-202-555-1583,583 Elm Street,2023-11-08,59462.1,HR,3.34,False,
User584,33.0,Male,user584@example.com,+1-202-555-1584,584 Elm Street,2020-08-24,60558.13,Support,3.9,False,
User585,56.0,Other,user585@example.com,+1-202-555-1585,585 Elm Street,2020-10-03,81888.96,Engineering,2.87,False,
User586,62.0,Female,user586@example.com,+1-202-555-1586,586 Elm Street,2021-07-05,71321.41,Marketing,4.0,False,
User587,59.0,Other,user587@example.com,+1-202-555-1587,587 Elm Street,2021-09-30,88070.9,HR,3.64,True,
User588,56.0,Other,user588@example.com,+1-202-555-1588,588 Elm Street,2020-02-24,79633.19,Marketing,4.07,True,
User589,31.0,Female,user589@example.com,+1-202-555-1589,589 Elm Street,2021-11-14,65210.58,Marketing,3.34,True,
User590,48.0,Other,user590@example.com,+1-202-555-1590,590 Elm Street,2023-04-22,82126.45,Sales,3.25,False,
User591,22.0,Female,user591@example.com,+1-202-555-1591,591 Elm Street,2023-05-06,91457.86,Sales,3.5,True,
User592,52.0,Male,user592@example.com,+1-202-555-1592,592 Elm Street,2022-08-30,80204.69,Marketing,3.48,True,
User593,40.0,Female,user593@example.com,+1-202-555-1593,593 Elm Street,2020-07-19,83483.77,HR,4.1,True,
User594,46.0,Male,user594@example.com,+1-202-555-1594,594 Elm Street,,70923.44,Engineering,4.1,False,
User595,60.0,Other,user595@example.com,+1-202-555-1595,595 Elm Street,2020-07-29,88395.6,Engineering,4.65,True,
User596,28.0,Other,user596@example.com,+1-202-555-1596,596 Elm Street,,64789.64,Support,3.45,True,
User597,35.0,Male,user597@example.com,+1-202-555-1597,597 Elm Street,2020-02-11,78578.15,Support,2.03,False,
User598,64.0,Other,user598@example.com,+1-202-555-1598,598 Elm Street,2020-11-24,112042.59,Engineering,3.5,False,
User599,29.0,Female,user599@example.com,+1-202-555-1599,599 Elm Street,,81583.22,Marketing,3.82,False,
User600,26.0,Male,user600@example.com,+1-202-555-1600,,2021-07-28,67189.33,Marketing,4.06,False,
User601,27.0,Other,user601@example.com,+1-202-555-1601,601 Elm Street,2022-11-08,67150.62,Sales,3.85,False,
User602,61.0,Male,user602@example.com,+1-202-555-1602,602 Elm Street,2021-02-26,72429.87,Sales,3.45,False,
User603,34.0,Female,user603@example.com,+1-202-555-1603,,2022-01-27,86268.69,Support,4.56,True,
User604,55.0,Female,user604@example.com,+1-202-555-1604,604 Elm Street,2023-01-09,75686.66,Engineering,3.18,True,
User605,24.0,Other,user605@example.com,+1-202-555-1605,605 Elm Street,2021-02-27,63772.08,Marketing,3.56,False,
User606,63.0,Female,user606@example.com,+1-202-555-1606,606 Elm Street,2020-07-22,63745.55,Engineering,3.16,False,
User607,30.0,Male,user607@example.com,+1-202-555-1607,607 Elm Street,2020-10-11,75780.74,HR,3.71,True,
User608,57.0,Female,user608@example.com,+1-202-555-1608,608 Elm Street,2020-11-02,74135.92,Engineering,4.49,False,
User609,59.0,Male,user609@example.com,+1-202-555-1609,609 Elm Street,2023-03-15,80324.64,HR,3.63,False,
User610,26.0,Male,user610@example.com,+1-202-555-1610,,2021-12-23,87262.35,Sales,3.63,True,
User611,44.0,Female,user611@example.com,+1-202-555-1611,611 Elm Street,2021-06-12,114410.4,Sales,2.85,False,
User612,19.0,Other,user612@example.com,+1-202-555-1612,612 Elm Street,2023-07-26,51569.5,Support,3.56,False,
User613,22.0,Female,user613@example.com,+1-202-555-1613,613 Elm Street,2023-09-20,83802.93,Engineering,4.28,True,
User614,46.0,Male,user614@example.com,,614 Elm Street,2023-07-12,74974.62,Engineering,3.57,True,
User615,54.0,Male,user615@example.com,+1-202-555-1615,615 Elm Street,2022-07-08,45831.36,HR,3.54,True,
User616,55.0,Female,user616@example.com,+1-202-555-1616,616 Elm Street,2021-02-22,92242.96,Sales,4.25,True,
User617,36.0,Other,user617@example.com,+1-202-555-1617,617 Elm Street,2023-05-19,79817.6,HR,3.54,True,
User618,25.0,Other,user618@example.com,+1-202-555-1618,618 Elm Street,2023-09-06,85497.09,Sales,4.35,False,
User619,62.0,Male,user619@example.com,+1-202-555-1619,619 Elm Street,2020-04-18,48008.72,HR,3.06,False,
User620,18.0,Male,user620@example.com,+1-202-555-1620,620 Elm Street,2022-12-06,70193.75,Sales,4.04,False,
User621,39.0,Other,user621@example.com,+1-202-555-1621,621 Elm Street,2023-01-24,57312.05,HR,4.52,False,
User622,34.0,Female,user622@example.com,+1-202-555-1622,622 Elm Street,2022-06-10,105946.51,Sales,4.2,False,
User623,24.0,Male,user623@example.com,+1-202-555-1623,623 Elm Street,2022-11-16,90668.26,HR,2.77,True,
User624,42.0,Male,user624@example.com,+1-202-555-1624,624 Elm Street,2021-11-09,63285.48,Engineering,3.38,False,
User625,62.0,Other,,+1-202-555-1625,625 Elm Street,2023-01-10,50450.42,Support,3.58,False,
User626,21.0,Female,user626@example.com,+1-202-555-1626,626 Elm Street,2022-04-01,76410.83,HR,4.2,False,
User627,53.0,Other,user627@example.com,+1-202-555-1627,627 Elm Street,2023-03-31,89886.33,Support,3.03,False,
User628,23.0,Female,user628@example.com,+1-202-555-1628,628 Elm Street,2023-11-26,47474.2,Engineering,3.19,False,
User629,48.0,Female,,+1-202-555-1629,629 Elm Street,2021-05-25,59523.38,Engineering,2.9,True,
User630,36.0,Female,user630@example.com,+1-202-555-1630,630 Elm Street,2021-12-13,56916.23,Sales,3.29,False,
User631,61.0,Male,user631@example.com,+1-202-555-1631,631 Elm Street,2023-07-02,86504.19,Support,3.07,False,
User632,56.0,Other,user632@example.com,+1-202-555-1632,632 Elm Street,2021-08-16,67952.56,Marketing,4.5,False,
User633,44.0,Other,user633@example.com,+1-202-555-1633,633 Elm Street,2020-06-06,68580.95,Sales,3.38,False,
User634,27.0,Female,user634@example.com,+1-202-555-1634,634 Elm Street,2024-01-31,76119.82,Support,4.05,False,
User635,43.0,Male,user635@example.com,+1-202-555-1635,635 Elm Street,2023-12-06,60325.79,HR,3.71,False,
User636,36.0,Male,,+1-202-555-1636,636 Elm Street,2020-08-22,51844.7,HR,3.7,True,
User637,56.0,Other,user637@example.com,+1-202-555-1637,637 Elm Street,2023-03-28,94045.28,Engineering,3.4,False,
User638,20.0,Male,,+1-202-555-1638,638 Elm Street,2021-02-07,95437.29,Marketing,4.09,True,
User639,62.0,Male,,+1-202-555-1639,639 Elm Street,2023-08-27,76193.74,HR,3.78,True,
User640,30.0,Female,user640@example.com,+1-202-555-1640,640 Elm Street,2020-03-28,77282.33,Support,3.75,False,
User641,45.0,Male,user641@example.com,+1-202-555-1641,641 Elm Street,2023-03-04,92415.21,Support,3.4,False,
User642,37.0,Female,user642@example.com,+1-202-555-1642,642 Elm Street,2020-05-19,75849.8,HR,3.49,False,
User643,45.0,Other,user643@example.com,+1-202-555-1643,643 Elm Street,2020-06-26,67213.83,Support,3.99,True,
User644,25.0,Male,user644@example.com,+1-202-555-1644,644 Elm Street,,74090.09,Support,3.82,False,
User645,58.0,Other,user645@example.com,+1-202-555-1645,645 Elm Street,2021-10-19,94397.53,Engineering,3.76,False,
User646,56.0,Other,user646@example.com,+1-202-555-1646,646 Elm Street,2021-04-07,74299.83,Marketing,3.32,False,
User647,18.0,Male,user647@example.com,+1-202-555-1647,647 Elm Street,2020-05-01,63459.26,Engineering,4.67,True,
User648,20.0,Male,user648@example.com,+1-202-555-1648,648 Elm Street,2020-11-22,75705.03,Marketing,3.46,True,
User649,30.0,Other,user649@example.com,+1-202-555-1649,649 Elm Street,2023-06-29,83343.35,Support,3.68,False,
User650,,Male,,,650 Elm Street,2020-04-28,81543.8,Marketing,3.61,True,
User651,42.0,Female,user651@example.com,+1-202-555-1651,651 Elm Street,,81792.36,Support,4.68,False,
User652,50.0,Female,user652@example.com,+1-202-555-1652,652 Elm Street,2020-02-14,61099.83,Support,3.55,True,
User653,55.0,Male,user653@example.com,+1-202-555-1653,653 Elm Street,2021-02-21,85051.55,Engineering,3.51,False,
User654,23.0,Other,user654@example.com,+1-202-555-1654,654 Elm Street,2023-01-06,73926.99,Engineering,3.76,True,
User655,61.0,Male,user655@example.com,+1-202-555-1655,655 Elm Street,2023-10-12,62823.13,Sales,3.35,False,
User656,62.0,Male,user656@example.com,+1-202-555-1656,656 Elm Street,2021-05-29,84932.28,HR,3.76,False,
User657,49.0,Other,user657@example.com,+1-202-555-1657,657 Elm Street,2020-03-14,66695.42,Sales,4.89,True,
User658,62.0,Other,user658@example.com,+1-202-555-1658,658 Elm Street,2021-05-23,49885.54,Sales,3.85,True,
User659,64.0,Female,user659@example.com,+1-202-555-1659,659 Elm Street,2021-11-18,58490.96,Marketing,3.83,True,
User660,38.0,Other,user660@example.com,+1-202-555-1660,660 Elm Street,2023-07-16,70775.45,Support,3.34,True,
User661,33.0,Female,user661@example.com,+1-202-555-1661,,2022-10-24,82174.53,Support,4.55,True,
User662,38.0,Other,user662@example.com,+1-202-555-1662,662 Elm Street,2021-08-22,60538.95,Support,4.67,False,
User663,28.0,Male,user663@example.com,+1-202-555-1663,,2020-11-20,69890.06,HR,4.13,False,
User664,54.0,Female,user664@example.com,+1-202-555-1664,664 Elm Street,2021-12-17,55250.89,Marketing,4.03,True,
User665,53.0,Female,user665@example.com,+1-202-555-1665,665 Elm Street,2021-06-19,88230.49,Marketing,3.58,False,
User666,52.0,Female,user666@example.com,+1-202-555-1666,666 Elm Street,2020-05-31,99259.97,Support,3.9,False,
User667,36.0,Male,user667@example.com,+1-202-555-1667,667 Elm Street,2020-09-15,97639.24,Sales,3.28,True,
User668,37.0,Male,user668@example.com,+1-202-555-1668,668 Elm Street,2022-05-18,87974.69,HR,3.14,False,
User669,35.0,Male,user669@example.com,+1-202-555-1669,669 Elm Street,2020-11-05,86437.65,Sales,2.96,False,
User670,64.0,Male,user670@example.com,+1-202-555-1670,670 Elm Street,2022-12-15,42421.81,Engineering,3.91,True,
User671,58.0,Male,user671@example.com,+1-202-555-1671,671 Elm Street,2023-08-12,76157.6,Marketing,3.01,True,
User672,31.0,Female,user672@example.com,+1-202-555-1672,672 Elm Street,2022-03-24,66058.61,Marketing,3.45,False,
User673,32.0,Male,user673@example.com,+1-202-555-1673,673 Elm Street,2021-10-28,86707.0,Sales,3.67,True,
User674,48.0,Female,user674@example.com,+1-202-555-1674,674 Elm Street,2023-12-14,35436.03,HR,4.2,False,
User675,18.0,Male,user675@example.com,+1-202-555-1675,675 Elm Street,2020-12-20,76394.52,Marketing,3.41,True,
User676,20.0,Other,,+1-202-555-1676,,2022-02-08,70283.34,Sales,4.26,True,
User677,33.0,Female,user677@example.com,,677 Elm Street,,90276.45,HR,4.17,True,
User678,,Other,user678@example.com,+1-202-555-1678,678 Elm Street,2022-03-30,96719.81,Sales,3.16,True,
User679,28.0,Female,user679@example.com,+1-202-555-1679,679 Elm Street,2021-04-18,59567.31,HR,4.26,False,
User680,29.0,Other,user680@example.com,+1-202-555-1680,680 Elm Street,2023-02-04,60244.34,Support,3.56,True,
User681,27.0,Male,user681@example.com,+1-202-555-1681,681 Elm Street,2020-08-14,76957.45,HR,3.45,True,
User682,49.0,Male,user682@example.com,+1-202-555-1682,682 Elm Street,2021-01-30,99506.44,Engineering,3.56,False,
User683,33.0,Male,user683@example.com,+1-202-555-1683,683 Elm Street,2020-03-24,74402.17,Support,3.7,False,
User684,25.0,Female,user684@example.com,+1-202-555-1684,684 Elm Street,2022-11-02,54312.58,Sales,3.49,False,
User685,55.0,Other,user685@example.com,+1-202-555-1685,685 Elm Street,2021-11-23,64411.97,Support,3.28,False,
User686,29.0,Male,user686@example.com,+1-202-555-1686,686 Elm Street,2023-02-17,76539.96,Support,3.32,True,
User687,41.0,Other,user687@example.com,+1-202-555-1687,687 Elm Street,2022-12-16,77103.04,Sales,3.77,False,
User688,45.0,Other,user688@example.com,+1-202-555-1688,688 Elm Street,2023-09-21,62938.69,Sales,3.62,True,
User689,25.0,Male,user689@example.com,+1-202-555-1689,,2020-09-15,64113.14,Engineering,3.96,False,
User690,45.0,Male,user690@example.com,+1-202-555-1690,690 Elm Street,2021-12-30,58776.48,Sales,3.73,True,
User691,53.0,Other,user691@example.com,+1-202-555-1691,691 Elm Street,2022-04-18,90617.57,Marketing,3.74,False,
User692,43.0,Male,user692@example.com,+1-202-555-1692,692 Elm Street,2023-02-13,60978.37,Marketing,4.0,True,
User693,25.0,Male,user693@example.com,+1-202-555-1693,693 Elm Street,2021-06-26,66528.09,Engineering,4.41,True,
User694,45.0,Male,user694@example.com,+1-202-555-1694,694 Elm Street,2022-04-18,66101.21,HR,4.43,False,
User695,45.0,Female,,+1-202-555-1695,695 Elm Street,2022-12-29,49410.64,HR,4.37,True,
User696,54.0,Other,user696@example.com,+1-202-555-1696,696 Elm Street,2021-02-19,60548.77,Marketing,4.14,True,
User697,58.0,Other,user697@example.com,+1-202-555-1697,697 Elm Street,2022-01-07,91922.06,Sales,4.74,True,
User698,53.0,Female,user698@example.com,+1-202-555-1698,698 Elm Street,2021-01-30,55360.68,Engineering,3.92,True,
User699,44.0,Other,user699@example.com,+1-202-555-1699,699 Elm Street,2021-01-29,59045.37,HR,3.86,False,
User700,34.0,Male,user700@example.com,+1-202-555-1700,700 Elm Street,2023-01-19,53511.81,HR,4.82,True,
User701,26.0,Other,user701@example.com,+1-202-555-1701,701 Elm Street,2023-04-04,72140.83,Support,2.34,True,
User702,50.0,Male,user702@example.com,+1-202-555-1702,702 Elm Street,2020-08-01,101782.15,Marketing,3.59,False,
User703,37.0,Female,user703@example.com,+1-202-555-1703,703 Elm Street,2023-09-20,71509.59,Sales,4.33,False,
User704,30.0,Male,user704@example.com,+1-202-555-1704,704 Elm Street,2020-02-18,74501.43,Engineering,4.19,False,
User705,45.0,Other,user705@example.com,+1-202-555-1705,705 Elm Street,2023-06-16,61568.29,HR,4.98,True,
User706,46.0,Other,user706@example.com,+1-202-555-1706,706 Elm Street,2022-02-24,72575.73,Support,3.75,True,
User707,30.0,Other,user707@example.com,+1-202-555-1707,707 Elm Street,2021-01-07,91935.75,Marketing,3.48,False,
User708,63.0,Female,user708@example.com,+1-202-555-1708,708 Elm Street,2021-04-23,75643.64,Marketing,3.53,True,
User709,52.0,Female,user709@example.com,+1-202-555-1709,709 Elm Street,2021-11-12,105476.55,Engineering,3.86,False,
User710,23.0,Other,user710@example.com,+1-202-555-1710,710 Elm Street,2023-08-16,92392.2,HR,4.51,True,
User711,35.0,Male,,+1-202-555-1711,711 Elm Street,2020-08-12,72205.25,Engineering,4.52,False,
User712,22.0,Female,user712@example.com,+1-202-555-1712,712 Elm Street,2023-10-13,71913.18,Engineering,3.67,True,
User713,64.0,Other,user713@example.com,+1-202-555-1713,713 Elm Street,2021-05-28,97963.85,Support,3.83,False,
User714,42.0,Other,user714@example.com,,,2021-11-11,75559.88,Marketing,3.39,True,
User715,19.0,Female,user715@example.com,+1-202-555-1715,,2023-10-30,94633.82,Sales,3.45,False,
User716,27.0,Female,user716@example.com,+1-202-555-1716,716 Elm Street,2022-01-12,103543.61,Marketing,4.22,True,
User717,47.0,Female,user717@example.com,+1-202-555-1717,717 Elm Street,,70436.71,Marketing,4.5,True,
User718,62.0,Male,user718@example.com,+1-202-555-1718,,2023-08-30,78779.33,Support,3.35,True,
User719,22.0,Male,user719@example.com,+1-202-555-1719,719 Elm Street,2020-05-07,88200.06,Sales,3.82,False,
User720,50.0,Other,user720@example.com,+1-202-555-1720,720 Elm Street,2021-07-18,85012.5,HR,3.58,True,
User721,18.0,Female,user721@example.com,,721 Elm Street,2021-03-28,84907.36,Sales,4.13,True,
User722,35.0,Male,user722@example.com,+1-202-555-1722,722 Elm Street,2022-01-07,53497.89,HR,3.51,True,
User723,49.0,Female,user723@example.com,+1-202-555-1723,723 Elm Street,2020-08-11,60773.75,Sales,2.74,False,
User724,64.0,Other,user724@example.com,+1-202-555-1724,724 Elm Street,2020-12-16,66070.99,Engineering,4.2,True,
User725,28.0,Male,user725@example.com,+1-202-555-1725,725 Elm Street,2020-12-14,91716.31,Sales,3.55,False,
User726,38.0,Male,user726@example.com,+1-202-555-1726,726 Elm Street,2022-10-14,54969.38,Support,3.6,True,
User727,43.0,Male,user727@example.com,+1-202-555-1727,727 Elm Street,2022-02-10,96348.4,HR,3.92,False,
User728,42.0,Other,user728@example.com,+1-202-555-1728,728 Elm Street,2022-10-12,85197.51,Marketing,3.88,False,
User729,39.0,Female,user729@example.com,+1-202-555-1729,729 Elm Street,2021-01-06,90813.45,Support,3.93,True,
User730,44.0,Male,user730@example.com,+1-202-555-1730,730 Elm Street,2024-01-05,59557.0,HR,2.89,False,
User731,30.0,Other,user731@example.com,+1-202-555-1731,731 Elm Street,2022-09-19,74584.54,HR,3.98,False,
User732,50.0,Female,user732@example.com,+1-202-555-1732,732 Elm Street,2022-01-04,77984.14,Marketing,2.75,True,
User733,,Other,,+1-202-555-1733,733 Elm Street,2020-03-06,77324.51,Engineering,4.08,False,
User734,58.0,Female,user734@example.com,+1-202-555-1734,734 Elm Street,2023-02-08,77934.86,Support,4.26,False,
User735,52.0,Other,user735@example.com,+1-202-555-1735,735 Elm Street,2021-03-22,69352.1,Marketing,3.02,False,
User736,18.0,Female,user736@example.com,+1-202-555-1736,736 Elm Street,2021-11-01,75528.11,Marketing,3.86,False,
User737,38.0,Male,user737@example.com,+1-202-555-1737,737 Elm Street,2022-06-15,89003.46,Engineering,4.23,True,
User738,23.0,Female,user738@example.com,+1-202-555-1738,738 Elm Street,2021-08-18,56002.32,Support,3.48,False,
User739,45.0,Other,user739@example.com,+1-202-555-1739,739 Elm Street,2022-12-10,96705.75,Marketing,4.04,False,
User740,34.0,Other,user740@example.com,+1-202-555-1740,740 Elm Street,2020-05-05,88228.48,Engineering,2.31,True,
User741,22.0,Female,user741@example.com,+1-202-555-1741,741 Elm Street,2022-08-17,59021.97,Support,4.25,True,
User742,48.0,Male,user742@example.com,+1-202-555-1742,742 Elm Street,2022-02-15,79257.54,Sales,3.71,False,
User743,22.0,Male,,+1-202-555-1743,743 Elm Street,2023-04-26,87022.48,HR,3.57,True,
User744,55.0,Female,user744@example.com,+1-202-555-1744,744 Elm Street,2023-12-09,54970.6,Engineering,4.19,True,
User745,20.0,Female,user745@example.com,+1-202-555-1745,745 Elm Street,2023-01-04,74129.68,HR,4.56,True,
User746,,Other,user746@example.com,+1-202-555-1746,746 Elm Street,2020-03-25,72322.27,Sales,3.94,True,
User747,54.0,Male,user747@example.com,+1-202-555-1747,747 Elm Street,2022-04-17,63816.29,Marketing,4.5,True,
User748,54.0,Female,user748@example.com,+1-202-555-1748,748 Elm Street,2021-01-21,74885.35,Marketing,2.92,True,
User749,27.0,Male,user749@example.com,+1-202-555-1749,749 Elm Street,2022-10-02,64495.7,Support,4.03,True,
User750,27.0,Female,user750@example.com,+1-202-555-1750,750 Elm Street,2022-10-01,94114.61,Engineering,3.63,True,
User751,36.0,Female,,+1-202-555-1751,751 Elm Street,,64100.34,Engineering,3.31,True,
User752,34.0,Male,user752@example.com,+1-202-555-1752,752 Elm Street,2023-07-08,85379.68,Support,2.74,False,
User753,38.0,Female,user753@example.com,+1-202-555-1753,753 Elm Street,2020-05-02,48669.2,HR,4.01,False,
User754,31.0,Female,user754@example.com,+1-202-555-1754,754 Elm Street,,71072.85,Marketing,4.14,False,
User755,26.0,Other,user755@example.com,+1-202-555-1755,755 Elm Street,2020-02-16,73684.67,Marketing,4.37,False,
User756,63.0,Female,user756@example.com,+1-202-555-1756,756 Elm Street,2022-06-06,70585.63,Engineering,4.29,False,
User757,18.0,Female,user757@example.com,,757 Elm Street,2022-01-16,67555.23,Engineering,3.31,True,
User758,62.0,Female,user758@example.com,+1-202-555-1758,758 Elm Street,2021-03-13,63487.27,Support,4.35,True,
User759,30.0,Other,user759@example.com,,759 Elm Street,2023-01-18,84818.11,Sales,4.4,False,
User760,21.0,Male,user760@example.com,+1-202-555-1760,760 Elm Street,2020-12-23,88491.87,HR,3.57,False,
User761,18.0,Other,user761@example.com,+1-202-555-1761,761 Elm Street,2021-03-31,72267.59,Sales,3.71,True,
User762,57.0,Other,user762@example.com,+1-202-555-1762,762 Elm Street,2021-09-20,57050.44,Sales,3.23,False,
User763,49.0,Male,user763@example.com,+1-202-555-1763,763 Elm Street,2021-04-30,100409.24,Engineering,4.44,True,
User764,,Other,user764@example.com,+1-202-555-1764,764 Elm Street,2021-01-05,60303.04,Engineering,2.94,False,
User765,45.0,Male,user765@example.com,+1-202-555-1765,765 Elm Street,2022-05-02,51608.67,Engineering,3.97,True,
User766,48.0,Other,user766@example.com,+1-202-555-1766,766 Elm Street,2022-02-26,43310.67,Sales,3.4,False,
User767,25.0,Male,user767@example.com,+1-202-555-1767,767 Elm Street,2023-08-18,74991.78,HR,3.15,True,
User768,56.0,Female,user768@example.com,+1-202-555-1768,768 Elm Street,2023-06-26,70238.75,Engineering,2.76,False,
User769,43.0,Other,user769@example.com,+1-202-555-1769,769 Elm Street,2023-07-18,88964.35,Marketing,3.59,False,
User770,51.0,Other,user770@example.com,+1-202-555-1770,770 Elm Street,2023-11-18,82666.27,HR,3.07,True,
User771,20.0,Other,user771@example.com,+1-202-555-1771,771 Elm Street,2023-01-12,77853.02,Marketing,3.73,True,
User772,29.0,Other,user772@example.com,+1-202-555-1772,772 Elm Street,2021-07-02,69429.49,HR,4.58,False,
User773,18.0,Female,,+1-202-555-1773,773 Elm Street,2023-12-01,90149.66,Engineering,3.8,False,
User774,61.0,Other,user774@example.com,+1-202-555-1774,774 Elm Street,2023-01-21,101510.85,Support,4.7,True,
User775,,Female,user775@example.com,+1-202-555-1775,775 Elm Street,,88634.69,Engineering,3.21,True,
User776,47.0,Female,user776@example.com,+1-202-555-1776,776 Elm Street,2021-11-08,66547.03,Sales,3.06,True,
User777,47.0,Female,user777@example.com,+1-202-555-1777,777 Elm Street,2021-01-07,85223.48,Sales,3.19,False,
User778,34.0,Female,user778@example.com,,778 Elm Street,2023-01-01,67468.65,HR,3.67,False,
User779,64.0,Male,user779@example.com,+1-202-555-1779,779 Elm Street,2021-08-25,56923.99,Sales,5.06,True,
User780,40.0,Male,user780@example.com,+1-202-555-1780,780 Elm Street,2022-09-14,60014.41,Engineering,2.87,False,
User781,32.0,Other,user781@example.com,+1-202-555-1781,781 Elm Street,2021-12-27,68127.32,Marketing,4.01,False,
User782,54.0,Male,user782@example.com,+1-202-555-1782,782 Elm Street,2021-07-07,75059.4,Engineering,3.35,True,
User783,38.0,Male,user783@example.com,+1-202-555-1783,783 Elm Street,2021-11-06,104408.72,HR,3.59,False,
User784,31.0,Other,user784@example.com,,784 Elm Street,2022-12-17,60274.66,Sales,3.07,True,
User785,19.0,Other,user785@example.com,+1-202-555-1785,785 Elm Street,2021-06-20,93352.33,Marketing,4.14,True,
User786,28.0,Other,user786@example.com,+1-202-555-1786,786 Elm Street,2022-07-11,68741.11,Support,3.68,False,
User787,56.0,Male,user787@example.com,+1-202-555-1787,787 Elm Street,2022-04-21,43254.23,Marketing,4.24,False,
User788,55.0,Male,user788@example.com,+1-202-555-1788,788 Elm Street,2021-10-26,65914.11,Marketing,3.79,True,
User789,51.0,Other,user789@example.com,+1-202-555-1789,789 Elm Street,2020-03-07,91150.45,Engineering,2.73,True,
User790,55.0,Female,user790@example.com,+1-202-555-1790,,2020-11-09,78670.04,Support,4.25,True,
User791,51.0,Other,user791@example.com,+1-202-555-1791,,,79566.77,HR,2.69,False,
User792,35.0,Female,user792@example.com,+1-202-555-1792,792 Elm Street,2022-10-22,93427.56,HR,2.77,True,
User793,47.0,Female,user793@example.com,+1-202-555-1793,793 Elm Street,2022-03-15,57954.96,Marketing,3.24,True,
User794,32.0,Other,user794@example.com,+1-202-555-1794,794 Elm Street,2021-06-19,57723.74,Marketing,3.25,True,
User795,44.0,Other,user795@example.com,+1-202-555-1795,795 Elm Street,2021-07-30,39544.07,Sales,4.4,True,
User796,51.0,Other,user796@example.com,+1-202-555-1796,796 Elm Street,,86656.23,Support,3.61,False,
User797,55.0,Male,user797@example.com,+1-202-555-1797,797 Elm Street,2020-04-26,81937.26,Marketing,4.32,False,
User798,50.0,Female,user798@example.com,+1-202-555-1798,798 Elm Street,2020-04-14,84359.5,Sales,3.42,True,
User799,41.0,Male,user799@example.com,+1-202-555-1799,799 Elm Street,2020-02-15,55754.83,Support,3.86,False,
User800,32.0,Male,user800@example.com,+1-202-555-1800,800 Elm Street,2023-05-24,49436.27,HR,3.94,False,
User801,47.0,Other,user801@example.com,+1-202-555-1801,801 Elm Street,2022-04-24,53705.73,Sales,4.05,False,
User802,59.0,Male,user802@example.com,+1-202-555-1802,802 Elm Street,2021-05-25,59661.42,Support,3.47,True,
User803,34.0,Other,user803@example.com,+1-202-555-1803,803 Elm Street,2021-06-23,96809.38,Sales,3.51,False,
User804,22.0,Female,user804@example.com,+1-202-555-1804,804 Elm Street,2020-01-16,88501.9,Marketing,3.55,False,
User805,46.0,Other,user805@example.com,,805 Elm Street,2020-08-30,66626.69,Engineering,2.87,True,
User806,21.0,Male,,+1-202-555-1806,806 Elm Street,2022-06-30,77988.78,HR,3.66,True,
User807,27.0,Male,user807@example.com,+1-202-555-1807,807 Elm Street,2021-12-05,63324.57,Marketing,3.51,False,
User808,34.0,Other,user808@example.com,+1-202-555-1808,808 Elm Street,2020-04-24,78964.2,Marketing,3.99,False,
User809,27.0,Other,user809@example.com,,809 Elm Street,2021-01-31,56428.56,Support,3.75,True,
User810,34.0,Male,,+1-202-555-1810,810 Elm Street,2022-09-04,84753.77,Sales,4.37,True,
User811,37.0,Female,user811@example.com,+1-202-555-1811,811 Elm Street,2020-10-23,60754.45,HR,3.74,True,
User812,41.0,Female,user812@example.com,+1-202-555-1812,812 Elm Street,2023-05-23,85588.73,Marketing,3.42,True,
User813,22.0,Other,user813@example.com,+1-202-555-1813,813 Elm Street,2022-11-28,67088.66,Support,3.73,False,
User814,51.0,Female,user814@example.com,+1-202-555-1814,814 Elm Street,2020-01-07,61648.86,HR,4.06,True,
User815,23.0,Male,user815@example.com,+1-202-555-1815,815 Elm Street,2020-06-09,97694.95,Sales,2.81,False,
User816,19.0,Other,user816@example.com,+1-202-555-1816,816 Elm Street,2022-10-22,76154.19,Marketing,3.34,False,
User817,30.0,Male,user817@example.com,+1-202-555-1817,817 Elm Street,2021-03-30,68667.28,Marketing,3.35,False,
User818,60.0,Male,user818@example.com,+1-202-555-1818,818 Elm Street,2020-10-02,84872.67,Marketing,3.91,True,
User819,60.0,Female,user819@example.com,+1-202-555-1819,819 Elm Street,2021-11-06,53400.13,HR,3.96,True,
User820,28.0,Other,user820@example.com,+1-202-555-1820,820 Elm Street,2023-09-18,90102.95,HR,3.75,False,
User821,64.0,Other,user821@example.com,,821 Elm Street,2020-02-25,71408.33,HR,2.46,False,
User822,40.0,Female,user822@example.com,+1-202-555-1822,822 Elm Street,2023-08-26,82511.82,HR,2.87,False,
User823,33.0,Male,user823@example.com,+1-202-555-1823,823 Elm Street,2021-03-14,50281.9,Support,3.58,False,
User824,48.0,Male,user824@example.com,+1-202-555-1824,824 Elm Street,2021-08-17,67763.61,Engineering,3.45,False,
User825,28.0,Male,user825@example.com,+1-202-555-1825,825 Elm Street,2020-11-02,73568.7,Support,3.7,True,
User826,33.0,Male,user826@example.com,+1-202-555-1826,826 Elm Street,2021-09-10,88954.49,Marketing,3.47,True,
User827,25.0,Other,user827@example.com,+1-202-555-1827,827 Elm Street,2020-12-22,83706.17,Support,4.47,True,
User828,21.0,Other,user828@example.com,+1-202-555-1828,828 Elm Street,2020-03-08,67612.84,Sales,2.55,False,
User829,57.0,Female,user829@example.com,+1-202-555-1829,829 Elm Street,2020-06-29,78269.22,HR,3.85,False,
User830,21.0,Female,user830@example.com,+1-202-555-1830,830 Elm Street,2024-01-27,92348.54,Sales,4.11,True,
User831,42.0,Other,user831@example.com,+1-202-555-1831,831 Elm Street,2020-03-06,70500.17,Sales,4.05,True,
User832,20.0,Other,,+1-202-555-1832,832 Elm Street,2021-01-18,68867.03,Marketing,4.09,False,
User833,49.0,Male,user833@example.com,+1-202-555-1833,,2020-02-08,45154.43,HR,4.17,True,
User834,20.0,Male,,+1-202-555-1834,834 Elm Street,2021-08-24,69313.91,Sales,3.4,True,
User835,44.0,Female,user835@example.com,+1-202-555-1835,835 Elm Street,2023-09-21,47405.59,Marketing,3.15,True,
User836,46.0,Other,user836@example.com,+1-202-555-1836,836 Elm Street,2023-06-20,71784.98,HR,2.68,False,
User837,49.0,Female,user837@example.com,+1-202-555-1837,837 Elm Street,2021-07-14,88322.03,Engineering,3.52,False,
User838,36.0,Other,user838@example.com,+1-202-555-1838,838 Elm Street,2020-06-24,41705.41,Marketing,3.31,True,
User839,38.0,Male,user839@example.com,+1-202-555-1839,839 Elm Street,2022-12-18,92013.13,Support,4.28,False,
User840,22.0,Female,user840@example.com,+1-202-555-1840,840 Elm Street,2022-05-20,68546.65,HR,3.56,True,
User841,35.0,Female,user841@example.com,+1-202-555-1841,841 Elm Street,2022-08-04,73092.53,Sales,3.18,True,
User842,45.0,Other,,+1-202-555-1842,842 Elm Street,2022-01-24,65963.7,Sales,3.11,False,
User843,59.0,Male,user843@example.com,+1-202-555-1843,843 Elm Street,2023-02-20,47801.45,Support,4.69,False,
User844,39.0,Female,,+1-202-555-1844,844 Elm Street,2023-11-12,61755.16,Support,3.69,False,
User845,38.0,Male,user845@example.com,+1-202-555-1845,845 Elm Street,2023-11-15,104961.15,Sales,3.31,True,
User846,23.0,Female,user846@example.com,+1-202-555-1846,846 Elm Street,2022-11-01,57059.32,HR,3.76,True,
User847,18.0,Male,user847@example.com,+1-202-555-1847,847 Elm Street,2023-09-22,49671.86,Marketing,4.65,True,
User848,22.0,Other,user848@example.com,,848 Elm Street,2020-02-01,75619.37,Support,3.51,False,
User849,58.0,Female,user849@example.com,+1-202-555-1849,849 Elm Street,2022-12-28,72213.35,Support,4.04,True,
User850,29.0,Female,user850@example.com,+1-202-555-1850,850 Elm Street,2023-12-27,68650.05,Support,4.29,True,
User851,43.0,Male,user851@example.com,+1-202-555-1851,851 Elm Street,2020-04-09,73716.72,Engineering,2.75,True,
User852,63.0,Male,user852@example.com,+1-202-555-1852,852 Elm Street,2021-11-27,83163.04,HR,3.38,True,
User853,51.0,Female,user853@example.com,,853 Elm Street,,64692.55,HR,4.23,False,
User854,31.0,Other,user854@example.com,+1-202-555-1854,854 Elm Street,2022-07-09,76416.15,HR,3.35,False,
User855,43.0,Male,user855@example.com,,855 Elm Street,2021-09-23,88858.12,HR,3.91,False,
User856,62.0,Male,user856@example.com,+1-202-555-1856,856 Elm Street,2020-11-30,58570.67,HR,3.32,True,
User857,44.0,Male,user857@example.com,+1-202-555-1857,857 Elm Street,2020-03-22,38667.28,Sales,3.48,True,
User858,26.0,Female,user858@example.com,+1-202-555-1858,858 Elm Street,2023-04-10,83562.13,Support,3.42,True,
User859,43.0,Female,user859@example.com,+1-202-555-1859,859 Elm Street,2020-03-15,111044.44,Sales,4.02,False,
User860,64.0,Female,user860@example.com,+1-202-555-1860,860 Elm Street,2021-09-17,73389.68,Engineering,3.8,False,
User861,39.0,Female,user861@example.com,+1-202-555-1861,861 Elm Street,2020-11-15,76528.98,Marketing,3.75,False,
User862,64.0,Other,user862@example.com,+1-202-555-1862,862 Elm Street,2022-05-23,69062.87,Support,4.95,False,
User863,47.0,Other,,+1-202-555-1863,863 Elm Street,2020-09-11,97320.91,Engineering,4.57,False,
User864,60.0,Female,user864@example.com,+1-202-555-1864,864 Elm Street,2020-04-21,72333.65,Sales,2.71,True,
User865,34.0,Other,user865@example.com,+1-202-555-1865,865 Elm Street,,70701.54,Marketing,3.48,False,
User866,43.0,Male,user866@example.com,+1-202-555-1866,866 Elm Street,2022-06-05,87162.96,Engineering,4.91,False,
User867,53.0,Male,user867@example.com,+1-202-555-1867,867 Elm Street,2023-01-20,66235.91,Marketing,3.41,False,
User868,18.0,Male,user868@example.com,+1-202-555-1868,868 Elm Street,2021-06-03,54229.59,Engineering,4.74,True,
User869,25.0,Female,user869@example.com,+1-202-555-1869,869 Elm Street,2020-08-23,86734.51,Sales,3.49,False,
User870,,Male,user870@example.com,+1-202-555-1870,870 Elm Street,,64626.79,Marketing,3.58,False,
User871,32.0,Other,user871@example.com,+1-202-555-1871,871 Elm Street,2020-08-21,58868.1,Engineering,4.13,False,
User872,64.0,Female,user872@example.com,+1-202-555-1872,872 Elm Street,2021-08-01,105000.72,Sales,3.65,True,
User873,39.0,Other,user873@example.com,+1-202-555-1873,873 Elm Street,2020-07-22,70821.05,Support,3.95,True,
User874,31.0,Male,user874@example.com,+1-202-555-1874,874 Elm Street,2021-04-18,80913.39,Sales,4.49,False,
User875,43.0,Male,user875@example.com,+1-202-555-1875,875 Elm Street,2022-06-23,73942.92,Sales,4.08,False,
User876,45.0,Male,user876@example.com,+1-202-555-1876,876 Elm Street,2020-03-02,60205.21,Support,3.77,False,
User877,40.0,Female,user877@example.com,+1-202-555-1877,877 Elm Street,2021-08-02,83841.5,Sales,4.54,False,
User878,31.0,Other,user878@example.com,+1-202-555-1878,878 Elm Street,2023-03-10,78218.68,Support,4.14,True,
User879,41.0,Female,,+1-202-555-1879,879 Elm Street,2021-11-05,63609.3,Support,3.33,False,
User880,19.0,Female,user880@example.com,+1-202-555-1880,880 Elm Street,2023-11-17,79997.86,Support,4.69,True,
User881,62.0,Male,user881@example.com,+1-202-555-1881,881 Elm Street,,65785.35,Engineering,4.02,False,
User882,43.0,Female,user882@example.com,+1-202-555-1882,882 Elm Street,2020-06-20,56932.57,Marketing,3.59,True,
User883,31.0,Female,user883@example.com,+1-202-555-1883,883 Elm Street,2020-02-16,55414.99,Engineering,2.69,True,
User884,24.0,Male,user884@example.com,+1-202-555-1884,884 Elm Street,2022-09-04,77550.88,Support,3.01,False,
User885,20.0,Female,user885@example.com,+1-202-555-1885,885 Elm Street,2020-02-27,67759.04,Marketing,4.55,True,
User886,64.0,Male,user886@example.com,+1-202-555-1886,886 Elm Street,2023-09-15,96025.56,Marketing,4.57,False,
User887,40.0,Male,user887@example.com,+1-202-555-1887,887 Elm Street,2021-11-13,72855.63,Support,3.74,True,
User888,63.0,Male,user888@example.com,+1-202-555-1888,888 Elm Street,2023-03-31,61721.95,Marketing,2.81,True,
User889,60.0,Male,user889@example.com,,889 Elm Street,2022-12-30,75867.26,Marketing,3.16,False,
User890,64.0,Female,user890@example.com,+1-202-555-1890,890 Elm Street,2022-06-04,54085.99,Engineering,2.89,False,
User891,62.0,Male,,+1-202-555-1891,891 Elm Street,2021-01-31,72238.03,Marketing,2.87,True,
User892,35.0,Male,user892@example.com,+1-202-555-1892,892 Elm Street,2020-11-08,78287.5,Support,4.71,True,
User893,55.0,Female,user893@example.com,+1-202-555-1893,893 Elm Street,2023-05-06,76435.08,HR,4.73,False,
User894,52.0,Female,user894@example.com,+1-202-555-1894,894 Elm Street,2021-11-28,93042.0,HR,3.14,False,
User895,32.0,Other,,+1-202-555-1895,895 Elm Street,2021-12-16,112462.76,HR,3.7,False,
User896,42.0,Female,user896@example.com,+1-202-555-1896,896 Elm Street,2021-03-25,83570.96,Support,3.06,True,
User897,54.0,Female,user897@example.com,+1-202-555-1897,897 Elm Street,2023-10-09,91181.94,HR,3.69,False,
User898,45.0,Other,user898@example.com,+1-202-555-1898,898 Elm Street,2021-08-19,111651.94,Engineering,4.52,False,
User899,27.0,Female,user899@example.com,+1-202-555-1899,899 Elm Street,2022-08-05,58406.61,Support,4.24,True,
User900,56.0,Female,user900@example.com,+1-202-555-1900,900 Elm Street,,75459.41,Support,4.1,False,
User901,34.0,Female,user901@example.com,+1-202-555-1901,901 Elm Street,2021-05-05,66330.05,Support,3.6,False,
User902,56.0,Female,user902@example.com,+1-202-555-1902,,2022-06-10,86139.87,Marketing,4.33,False,
User903,39.0,Other,user903@example.com,+1-202-555-1903,903 Elm Street,2022-04-04,77574.28,Marketing,4.02,False,
User904,43.0,Female,user904@example.com,+1-202-555-1904,904 Elm Street,2023-02-12,61223.52,Marketing,3.9,True,
User905,61.0,Female,user905@example.com,+1-202-555-1905,905 Elm Street,2020-10-07,73664.22,Sales,3.64,False,
User906,42.0,Other,user906@example.com,+1-202-555-1906,906 Elm Street,,89203.84,Engineering,3.86,False,
User907,34.0,Male,user907@example.com,+1-202-555-1907,907 Elm Street,2020-11-23,53944.13,Support,3.84,False,
User908,30.0,Other,user908@example.com,+1-202-555-1908,908 Elm Street,2022-07-11,61539.83,Support,3.43,False,
User909,37.0,Male,user909@example.com,+1-202-555-1909,909 Elm Street,,59290.87,Marketing,3.31,False,
User910,42.0,Other,user910@example.com,+1-202-555-1910,910 Elm Street,2021-12-02,78395.95,Support,3.2,False,
User911,21.0,Other,user911@example.com,+1-202-555-1911,911 Elm Street,2021-11-12,92107.74,Support,3.23,True,
User912,27.0,Female,,+1-202-555-1912,,2020-06-17,43353.98,HR,3.61,True,
User913,20.0,Male,user913@example.com,+1-202-555-1913,913 Elm Street,2020-08-16,74915.98,Support,3.52,True,
User914,58.0,Female,user914@example.com,+1-202-555-1914,914 Elm Street,2021-01-01,59636.69,Sales,3.39,False,
User915,62.0,Male,user915@example.com,+1-202-555-1915,,2021-06-07,88581.04,Marketing,3.35,False,
User916,,Other,user916@example.com,+1-202-555-1916,,2020-04-15,69945.48,Engineering,3.85,False,
User917,64.0,Other,user917@example.com,+1-202-555-1917,917 Elm Street,2022-08-22,75460.11,Engineering,4.39,True,
User918,53.0,Male,user918@example.com,+1-202-555-1918,918 Elm Street,2020-05-12,73479.95,HR,3.69,False,
User919,64.0,Female,user919@example.com,+1-202-555-1919,919 Elm Street,2020-09-25,90363.28,Engineering,3.66,True,
User920,39.0,Female,,+1-202-555-1920,920 Elm Street,2022-03-01,104229.47,Engineering,3.23,False,
User921,51.0,Female,,+1-202-555-1921,921 Elm Street,2020-01-18,56480.02,Marketing,3.59,False,
User922,64.0,Female,user922@example.com,+1-202-555-1922,922 Elm Street,2022-03-08,59211.66,Marketing,4.3,True,
User923,25.0,Other,user923@example.com,+1-202-555-1923,923 Elm Street,2021-07-04,78322.47,Sales,4.22,True,
User924,57.0,Other,user924@example.com,,924 Elm Street,2022-01-22,61253.96,HR,4.18,True,
User925,61.0,Other,user925@example.com,+1-202-555-1925,925 Elm Street,2023-10-24,87503.76,Engineering,4.17,True,
User926,36.0,Other,user926@example.com,+1-202-555-1926,926 Elm Street,2020-02-19,89911.76,Sales,3.92,True,
User927,59.0,Other,user927@example.com,,927 Elm Street,2023-05-24,65301.36,HR,3.9,True,
User928,58.0,Female,user928@example.com,+1-202-555-1928,928 Elm Street,2023-12-19,62046.94,Engineering,3.82,False,
User929,54.0,Female,user929@example.com,+1-202-555-1929,929 Elm Street,2022-04-21,69378.31,Engineering,3.49,True,
User930,23.0,Female,user930@example.com,+1-202-555-1930,930 Elm Street,2021-03-21,75060.27,Marketing,3.74,False,
User931,43.0,Female,user931@example.com,+1-202-555-1931,931 Elm Street,2020-03-10,78222.56,Support,3.81,False,
User932,51.0,Other,user932@example.com,+1-202-555-1932,932 Elm Street,2023-06-23,39707.74,HR,4.02,False,
User933,62.0,Other,user933@example.com,+1-202-555-1933,933 Elm Street,,58988.17,Engineering,3.75,False,
User934,23.0,Other,user934@example.com,+1-202-555-1934,934 Elm Street,2022-08-01,67438.51,HR,4.75,False,
User935,54.0,Male,,+1-202-555-1935,935 Elm Street,2022-08-03,61545.16,Sales,3.1,True,
User936,50.0,Female,user936@example.com,+1-202-555-1936,936 Elm Street,2021-12-25,30529.35,Sales,4.08,True,
User937,39.0,Female,user937@example.com,+1-202-555-1937,937 Elm Street,2020-09-07,45174.41,Support,3.68,True,
User938,38.0,Other,user938@example.com,+1-202-555-1938,938 Elm Street,2022-12-11,53919.62,Engineering,3.7,False,
User939,23.0,Female,user939@example.com,+1-202-555-1939,939 Elm Street,2022-02-19,71770.74,Marketing,3.29,True,
User940,23.0,Female,user940@example.com,+1-202-555-1940,940 Elm Street,2023-04-24,66956.97,Engineering,4.21,False,
User941,21.0,Other,user941@example.com,+1-202-555-1941,941 Elm Street,2022-01-11,64026.46,HR,4.03,False,
User942,47.0,Male,user942@example.com,+1-202-555-1942,942 Elm Street,2021-09-23,85447.72,Sales,4.12,False,
User943,28.0,Male,,+1-202-555-1943,943 Elm Street,2022-01-28,85442.0,HR,3.78,False,
User944,47.0,Male,user944@example.com,+1-202-555-1944,,2021-05-11,75748.78,Support,3.54,True,
User945,48.0,Other,user945@example.com,+1-202-555-1945,945 Elm Street,2023-05-18,75301.8,Sales,3.67,True,
User946,41.0,Female,user946@example.com,+1-202-555-1946,946 Elm Street,2023-10-27,60650.09,Marketing,3.92,True,
User947,26.0,Other,user947@example.com,+1-202-555-1947,947 Elm Street,2022-04-14,62445.12,Sales,2.7,True,
User948,20.0,Other,user948@example.com,+1-202-555-1948,948 Elm Street,2021-08-28,47885.26,Engineering,4.14,True,
User949,48.0,Female,user949@example.com,+1-202-555-1949,949 Elm Street,2020-05-08,69738.73,Engineering,4.91,False,
User950,57.0,Male,user950@example.com,+1-202-555-1950,950 Elm Street,2020-01-29,85286.12,Sales,3.94,True,
User951,54.0,Male,,+1-202-555-1951,951 Elm Street,2020-11-28,93814.95,Support,3.56,False,
User952,53.0,Other,user952@example.com,+1-202-555-1952,952 Elm Street,2023-08-09,69828.3,Engineering,3.62,False,
User953,41.0,Male,,+1-202-555-1953,953 Elm Street,2022-08-01,80875.03,Engineering,4.05,False,
User954,48.0,Other,user954@example.com,+1-202-555-1954,954 Elm Street,2023-11-30,30660.16,Marketing,3.57,True,
User955,23.0,Other,user955@example.com,+1-202-555-1955,955 Elm Street,2023-04-12,67006.08,Sales,4.13,False,
User956,19.0,Female,user956@example.com,+1-202-555-1956,956 Elm Street,2021-05-10,66654.56,Engineering,3.61,False,
User957,37.0,Female,user957@example.com,+1-202-555-1957,957 Elm Street,2022-04-07,95867.52,Support,4.56,True,
User958,45.0,Female,user958@example.com,+1-202-555-1958,958 Elm Street,2020-10-25,79394.0,HR,4.54,False,
User959,28.0,Other,,+1-202-555-1959,959 Elm Street,2023-04-30,80913.83,Sales,3.53,False,
User960,21.0,Female,user960@example.com,+1-202-555-1960,960 Elm Street,2022-01-24,80134.92,Marketing,3.66,False,
User961,32.0,Male,user961@example.com,+1-202-555-1961,,2023-05-23,74181.64,Engineering,3.69,True,
User962,23.0,Male,user962@example.com,+1-202-555-1962,962 Elm Street,2023-06-09,96485.48,Support,3.7,False,
User963,47.0,Other,user963@example.com,+1-202-555-1963,963 Elm Street,2023-05-03,38920.81,Sales,3.23,False,
User964,55.0,Other,user964@example.com,,964 Elm Street,2022-03-03,75693.16,Support,3.16,True,
User965,19.0,Female,user965@example.com,+1-202-555-1965,965 Elm Street,2023-12-31,90447.04,Support,4.32,True,
User966,32.0,Other,user966@example.com,+1-202-555-1966,966 Elm Street,2022-05-07,45129.1,Marketing,4.24,False,
User967,28.0,Other,user967@example.com,+1-202-555-1967,967 Elm Street,2022-03-16,86068.77,Sales,4.24,True,
User968,25.0,Male,,,,2022-01-30,62082.55,Engineering,3.67,True,
User969,43.0,Male,user969@example.com,+1-202-555-1969,969 Elm Street,2020-10-09,75147.24,Marketing,4.65,True,
User970,62.0,Female,user970@example.com,+1-202-555-1970,970 Elm Street,2020-07-16,61794.61,Engineering,3.69,True,
User971,61.0,Other,,+1-202-555-1971,971 Elm Street,2021-07-09,87887.28,HR,4.13,True,
User972,22.0,Other,user972@example.com,+1-202-555-1972,972 Elm Street,2023-12-23,69174.57,Support,3.01,True,
User973,23.0,Male,user973@example.com,+1-202-555-1973,973 Elm Street,2021-01-13,86186.95,HR,3.59,True,
User974,43.0,Other,user974@example.com,+1-202-555-1974,974 Elm Street,2022-06-17,80029.95,Support,3.62,False,
User975,21.0,Male,user975@example.com,+1-202-555-1975,975 Elm Street,2022-08-19,61593.11,Marketing,3.67,True,
User976,36.0,Female,user976@example.com,+1-202-555-1976,976 Elm Street,2021-12-26,81027.89,Engineering,3.04,True,
User977,37.0,Male,user977@example.com,+1-202-555-1977,977 Elm Street,2020-03-09,63546.46,Engineering,4.05,True,
User978,50.0,Other,user978@example.com,+1-202-555-1978,978 Elm Street,2020-09-23,74461.92,Marketing,4.21,False,
User979,37.0,Female,user979@example.com,+1-202-555-1979,979 Elm Street,2023-10-02,68901.08,Sales,3.33,True,
User980,29.0,Male,user980@example.com,+1-202-555-1980,980 Elm Street,2021-12-28,86998.68,HR,3.13,True,
User981,64.0,Male,user981@example.com,+1-202-555-1981,,2021-02-26,81604.83,HR,3.32,False,
User982,18.0,Female,,+1-202-555-1982,982 Elm Street,2020-04-24,73039.18,Engineering,3.95,True,
User983,43.0,Female,user983@example.com,+1-202-555-1983,983 Elm Street,2020-01-31,63214.32,Engineering,3.4,False,
User984,31.0,Male,user984@example.com,+1-202-555-1984,984 Elm Street,2023-11-01,54465.13,Engineering,3.63,False,
User985,55.0,Other,user985@example.com,+1-202-555-1985,985 Elm Street,,75534.85,Marketing,3.16,True,
User986,54.0,Male,user986@example.com,+1-202-555-1986,986 Elm Street,2022-01-08,64015.64,Sales,4.69,False,
User987,28.0,Female,user987@example.com,+1-202-555-1987,987 Elm Street,2020-04-10,45330.06,HR,3.74,True,
User988,53.0,Male,user988@example.com,+1-202-555-1988,988 Elm Street,2023-11-13,53549.57,Support,4.27,True,
User989,30.0,Female,user989@example.com,+1-202-555-1989,989 Elm Street,2020-12-06,97888.13,Marketing,3.95,False,
User990,60.0,Female,user990@example.com,+1-202-555-1990,990 Elm Street,2023-07-02,63600.35,HR,3.68,False,
User991,20.0,Other,user991@example.com,+1-202-555-1991,,2021-10-21,89732.44,Sales,3.65,True,
User992,50.0,Female,user992@example.com,+1-202-555-1992,992 Elm Street,2023-11-10,68150.25,Marketing,3.34,True,
User993,23.0,Female,user993@example.com,+1-202-555-1993,993 Elm Street,2022-11-15,92093.66,HR,3.47,False,
User994,27.0,Other,user994@example.com,+1-202-555-1994,994 Elm Street,2023-09-08,91007.46,Marketing,3.2,True,
User995,22.0,Female,user995@example.com,+1-202-555-1995,995 Elm Street,2022-03-29,61114.57,HR,3.14,True,
User996,40.0,Other,user996@example.com,+1-202-555-1996,,2022-07-03,43680.36,HR,4.74,True,
User997,27.0,Other,user997@example.com,+1-202-555-1997,997 Elm Street,2022-07-09,44950.19,Sales,3.84,False,
User998,61.0,Female,user998@example.com,+1-202-555-1998,998 Elm Street,2023-08-07,61370.08,Support,4.43,True,
User999,19.0,Female,user999@example.com,+1-202-555-1999,999 Elm Street,2020-09-17,101844.52,Sales,3.3,True,
